City,Latitude,Longitude,Temperature (F),Humidity (%),Cloudiness (%),Winds (mph),
airai,15.863544,143.176942,84.19,61,0,1.72
saskylakh,70.475531,113.701492,-3.38,76,0,8.1
henties bay,-21.837430,6.663940,68.98,92,92,10.67
empalme,28.431264,-110.213922,67.27,37,56,3.18
mahebourg,-40.983048,78.698136,77,100,75,1.12
heihe,50.940650,126.117950,32,32,40,22.37
bethel,49.544081,-166.800850,33.8,69,1,17.22
busselton,-68.995128,90.461052,75.1,82,0,11.79
castro,-46.940721,-88.269835,54.49,100,80,3.18
evensk,64.372596,161.920449,34.42,90,92,13.02
cabo san lucas,11.103634,-115.639013,70.69,93,0,14.58
plerin,48.645348,-2.742826,51.8,93,90,13.87
yuli,23.625552,122.219252,66.01,57,0,2.84
jamestown,-7.012909,-0.741574,71.59,42,0,7.54
ardakan,32.294001,54.282929,60.8,29,0,4.7
mataura,-41.616857,-155.763120,61.15,62,12,25.55
penzance,48.860125,-6.845712,50,100,75,16.11
luderitz,-30.742847,3.830780,62.6,82,80,2.24
trelew,-42.546811,-68.215842,63.22,35,0,7.43
faya,22.833619,20.681932,55.4,76,0,5.82
arraial do cabo,-32.655679,-37.856440,76.36,92,24,2.51
port alfred,-43.564575,29.606804,70.42,94,80,13.47
port alfred,-60.906832,35.328175,70.42,94,80,13.47
fort nelson,58.648244,-123.698981,23,53,90,9.17
ribeira grande,42.174093,-32.888364,60.43,100,48,27.34
krasnyy chikoy,50.163823,109.429404,22.81,35,0,3.18
konotop,51.492860,33.223327,33.43,94,56,11.56
shiraz,29.608057,52.764223,51.8,27,0,2.39
namibe,-13.385434,4.884600,78.16,100,88,2.95
hakkari,37.460897,43.355016,21.2,85,0,5.82
dingle,50.005536,-14.612592,82.48,82,24,6.42
tocopilla,-21.635000,-74.918807,59.98,100,0,1.05
hilo,10.301195,-149.701103,77,73,90,5.82
hasaki,23.630700,160.045376,71.6,53,20,9.17
ust-kuyga,70.422756,136.289729,13.54,86,80,4.18
bambous virieux,-27.944707,73.116192,77,100,75,1.12
bandarbeyla,4.920769,57.354104,80.23,100,68,6.2
rikitea,-36.131062,-120.371200,78.97,100,0,4.74
rikitea,-30.194651,-120.442412,78.97,100,0,4.74
qaanaaq,74.634837,-77.750998,-5.36,82,0,8.66
rikitea,-70.630692,-137.879363,78.97,100,0,4.74
rikitea,-83.603335,-136.280243,78.97,100,0,4.74
sistranda,70.381450,5.433204,28.4,92,20,10.29
mehamn,76.395422,29.247347,32,92,75,21.92
lagoa,49.186150,-27.836318,57.2,100,20,6.93
nanortalik,58.583655,-41.254358,32.98,100,32,23.42
vila velha,-26.217727,-25.891732,78.8,88,40,3.36
broome,-18.888267,124.066697,50,93,92,11.41
camanducaia,-22.711714,-46.230849,71.6,94,0,2.24
maragogi,-15.130268,-27.163989,76.45,99,92,0.94
providencia,29.304872,-111.680667,53.32,99,100,1.95
decatur,40.046157,-88.682050,62.6,93,1,3.29
tuktoyaktuk,83.281345,-132.241952,-0.41,77,90,10.29
saint anthony,55.223406,-52.201638,30.2,36,1,12.75
busselton,-74.765105,83.220759,75.1,82,0,11.79
jamestown,-47.236790,-13.707079,71.59,42,0,7.54
nikolskoye,47.746591,170.101193,32,99,90,8.95
vardo,74.870460,31.480841,44.6,70,90,9.17
georgetown,-10.012441,-21.212662,75.2,94,75,4.7
leh,34.918447,81.590751,8.14,89,88,0.94
torbay,42.251896,-41.680609,28.4,86,75,13.87
khatanga,80.171264,105.720935,-6.17,87,48,4.63
provideniya,62.125294,-177.200946,30.2,100,75,4.47
kaitangata,-76.133471,176.193050,60.88,59,8,26.33
sovetskoye,52.373702,85.279457,38.83,78,0,7.54
thompson,65.950172,-96.928516,-9.41,52,5,4.7
busselton,-71.009595,87.456697,75.1,82,0,11.79
padang,-4.471858,93.475020,80.41,100,20,1.72
playas,-2.521236,-80.663835,75.19,87,68,5.75
nikolskoye,42.564786,169.417690,32,99,90,8.95
fez,32.645289,-3.437280,53.6,106,75,4.7
hermanus,-66.887416,1.379135,60.97,98,68,5.08
hualmay,-16.259561,-87.984945,66.01,86,44,4.41
shimoda,21.251885,142.205201,69.8,68,75,10.29
marsa matruh,30.150430,27.307208,60.8,67,0,2.24
butaritari,26.769687,165.987636,82.84,100,100,11.68
tura,65.586465,101.782360,77.62,82,0,3.18
lebu,-34.001402,-82.111010,46.12,87,8,3.18
antalaha,-14.863405,49.990705,75.01,100,76,7.54
xining,34.114925,96.655138,49.99,33,0,2.51
kirakira,-10.286174,162.473216,81.67,100,92,10.45
puerto carreno,5.902431,-67.117904,72.67,83,56,4.29
kaitangata,-53.366029,174.725143,60.88,59,8,26.33
hithadhoo,-5.788942,73.054519,84.01,100,92,5.75
busselton,-62.171264,83.159779,75.1,82,0,11.79
kathmandu,28.905488,85.114324,64.4,77,20,3.36
khatanga,73.204072,105.593873,-6.17,87,48,4.63
mackay,-18.905448,151.976062,23,44,20,8.05
albany,-82.629843,105.963159,35.6,64,75,4.7
butaritari,23.466996,170.094211,82.84,100,100,11.68
jamestown,-18.459482,1.274285,71.59,42,0,7.54
hithadhoo,-3.590679,75.570755,84.01,100,92,5.75
mataura,-86.823331,-157.102116,61.15,62,12,25.55
albany,-68.944781,119.118673,35.6,64,75,4.7
beloha,-34.877189,40.785761,74.38,88,44,13.69
kampot,9.639272,103.371515,81.04,87,88,4.63
kropotkin,58.440469,114.916524,46.03,98,88,18.72
hobart,-79.832852,140.520591,73.4,35,20,13.87
yellowknife,81.320681,-100.397102,-2.21,58,20,8.05
lagoa,49.495149,-30.541045,57.2,100,20,6.93
hithadhoo,-6.538458,65.302928,84.01,100,92,5.75
tiksi,77.900119,128.723653,13.09,89,24,5.97
new norfolk,-78.010042,133.707041,73.4,35,20,13.87
vangaindrano,-25.043249,50.207220,70.51,100,92,3.06
bud,73.331936,2.537778,28.4,85,0,8.05
anadyr,64.664425,178.849101,26.6,86,40,4.47
qaanaaq,89.724086,-73.287573,-5.36,82,0,8.66
castro,-44.467253,-101.600308,54.49,100,80,3.18
nabire,-6.018954,135.599022,78.61,80,68,2.06
puerto ayora,-11.068079,-102.332218,76.36,100,44,5.97
namatanai,-1.191837,153.012622,83.02,100,44,6.42
ushuaia,-69.669754,-40.858736,41,80,75,10.29
tacna,-18.225536,-69.135805,68,77,0,3.36
punta arenas,-80.106636,-103.852860,41,80,0,10.29
thompson,78.651572,-93.496547,-9.41,52,5,4.7
ushuaia,-87.325824,-26.605491,41,80,75,10.29
codrington,21.846555,-50.011474,66.64,100,80,3.74
tuktoyaktuk,82.611768,-125.290479,-0.41,77,90,10.29
yantikovo,55.337788,47.856230,32,93,0,13.42
avarua,-57.721779,-166.622588,80.6,83,75,6.93
peniche,41.586176,-14.851405,57.2,93,40,9.17
broome,-14.400752,122.116494,50,93,92,11.41
touros,-2.916542,-35.112437,79.96,90,88,7.76
poum,-21.532252,160.726225,27.76,91,0,0.72
san quintin,27.515622,-119.037880,87.8,52,20,6.93
torbay,43.061630,-43.125806,28.4,86,75,13.87
nanortalik,55.218988,-45.864228,32.98,100,32,23.42
cape town,-52.760642,-3.391259,64.4,82,0,11.41
rikitea,-55.382416,-113.667113,78.97,100,0,4.74
kavieng,-0.699093,149.994708,83.65,100,32,7.76
lompoc,26.435888,-133.032864,55.4,93,75,4.7
flin flon,56.644900,-103.381184,4.27,69,32,2.84
ushuaia,-82.490873,-54.140722,41,80,75,10.29
soddy-daisy,35.520107,-85.230013,62.6,67,1,3.18
ahipara,-32.429430,164.846425,71.86,71,8,7.54
nikolskoye,45.523371,166.408037,32,99,90,8.95
flin flon,58.511104,-100.713134,4.27,69,32,2.84
comodoro rivadavia,-47.140407,-68.147240,71.6,46,0,32.21
provideniya,48.006290,-178.416652,30.2,100,75,4.47
vaini,-82.208151,-178.247050,74.29,73,0,3.29
ushuaia,-52.749077,-61.391308,41,80,75,10.29
chokurdakh,82.736118,147.197521,23.53,92,8,13.47
albany,-84.216542,92.184485,35.6,64,75,4.7
punta arenas,-74.839998,-116.514832,41,80,0,10.29
qaanaaq,77.361491,-86.349063,-5.36,82,0,8.66
lauenburg,53.249858,10.648680,46.4,93,90,9.17
baglan,36.258407,68.620235,48.2,100,90,10.29
hithadhoo,-4.252789,78.791746,84.01,100,92,5.75
rawson,-43.713833,-64.128262,63.22,35,0,7.43
bethel,53.812370,-161.740411,33.8,69,1,17.22
ancud,-42.526230,-105.128524,55.84,96,92,4.97
ushuaia,-67.853908,-38.207816,41,80,75,10.29
road town,20.267799,-64.548638,73.4,83,1,5.82
richards bay,-33.168023,38.275128,73.21,85,8,10.33
hobart,-81.308053,138.472460,73.4,35,20,13.87
qasigiannguit,66.417021,-47.690136,10.4,78,0,5.82
nouadhibou,24.268204,-16.521961,62.6,93,0,18.34
fortuna,38.123478,-133.322710,51.8,87,0,3.36
bluff,-74.266134,164.411523,84.01,49,88,16.93
norman wells,67.867014,-123.804095,6.8,60,40,6.93
ushuaia,-62.483346,-44.713605,41,80,75,10.29
new norfolk,-67.355778,134.958005,73.4,35,20,13.87
barrow,73.629679,-160.476483,55.93,85,0,8.77
severnyy-kospashskiy,59.137777,57.957777,27.04,90,88,12.24
ushuaia,-65.360524,-33.361819,41,80,75,10.29
narsaq,79.368303,-66.183986,35.6,40,20,5.82
rikitea,-63.858014,-119.491654,78.97,100,0,4.74
fortuna,31.925999,-140.631619,51.8,87,0,3.36
rikitea,-22.865027,-131.391754,78.97,100,0,4.74
lake charles,30.381282,-93.015490,71.6,100,40,6.93
bukan,36.713521,46.180260,30.91,77,0,2.39
avarua,-27.912180,-163.751741,80.6,83,75,6.93
albany,-88.736062,89.056678,35.6,64,75,4.7
avarua,-20.997382,-164.103648,80.6,83,75,6.93
new norfolk,-51.678558,143.787856,73.4,35,20,13.87
mataura,-54.455653,-147.188701,61.15,62,12,25.55
dunedin,-52.117275,177.492679,65.38,42,0,14.14
jalu,23.299303,24.124123,53.5,72,0,7.54
baculin,7.315401,128.633227,81.49,95,32,8.21
bandarbeyla,6.084442,59.671912,80.23,100,68,6.2
ushuaia,-83.174481,-82.994192,41,80,75,10.29
balti,47.872711,27.970950,31.9,93,0,3.74
bambous virieux,-23.492977,65.369937,77,100,75,1.12
road town,21.047157,-64.673502,73.4,83,1,5.82
lexington,40.699374,-99.457139,48.2,93,90,7.65
lavrentiya,64.796860,-169.942807,29.92,100,0,2.06
abu dhabi,21.702431,54.841941,73.4,73,0,9.55
longhua,28.658181,108.375493,78.8,50,0,6.71
vaini,-29.331125,-176.616212,74.29,73,0,3.29
yerbogachen,63.285018,106.937651,20.11,60,56,5.86
manokwari,2.260582,133.560926,84.46,95,8,10.11
broome,-17.081630,123.914289,50,93,92,11.41
qazanbulaq,40.639974,46.648657,50,71,40,23.04
pevek,86.837314,173.109009,34.33,79,0,11.45
nuuk,66.063537,-49.617421,32,100,24,12.75
hobart,-87.023346,137.032812,73.4,35,20,13.87
ushuaia,-82.601050,-54.926853,41,80,75,10.29
gisborne,-40.382265,179.880651,72.85,52,12,5.19
coihaique,-49.329227,-79.386108,55.4,93,90,8.05
mataura,-26.014748,-150.760065,61.15,62,12,25.55
hilo,9.191189,-154.779092,77,73,90,5.82
hilo,20.264030,-155.331125,77,73,90,5.82
bilibino,65.587306,164.781318,37.93,76,8,5.41
beira,-21.448970,37.693413,50,81,20,8.05
karratha,-17.480164,111.766472,101.56,27,0,9.89
bluff,-72.144000,167.414685,84.01,49,88,16.93
sandnessjoen,66.544495,11.841862,32,86,75,4.29
guilin,25.246401,109.839527,80.6,57,0,15.66
japura,-1.924012,-69.450040,79.24,90,56,2.73
busselton,-57.704807,84.230007,75.1,82,0,11.79
qaanaaq,75.917991,-82.400371,-5.36,82,0,8.66
tome,-36.697423,-72.653242,55.4,76,75,8.05
bambous virieux,-27.107775,70.771355,77,100,75,1.12
east london,-66.312233,51.830017,68,88,0,12.75
kapaa,35.653610,-176.112054,77,73,90,11.41
vaini,-50.587991,-170.622356,74.29,73,0,3.29
rikitea,-38.950620,-137.091972,78.97,100,0,4.74
east london,-39.560059,31.335207,68,88,0,12.75
vaini,-84.918165,-168.817826,74.29,73,0,3.29
mecca,22.862022,41.266583,80.6,69,0,2.24
chuy,-35.878036,-51.327485,66.82,98,76,4.18
sao filipe,10.727290,-33.278773,68.53,100,24,14.36
bluff,-67.769339,173.082491,84.01,49,88,16.93
tiksi,76.145635,124.633517,13.09,89,24,5.97
mataura,-86.361059,-146.757254,61.15,62,12,25.55
port elizabeth,-72.719176,33.234891,42.8,86,1,3.36
mawlaik,23.573885,94.758999,79.96,63,0,2.95
bredasdorp,-71.184840,17.970077,55.4,93,68,1.12
chillicothe,39.321205,-83.397215,42.8,80,90,8.05
maldonado,-39.663863,-51.734581,66.2,88,75,11.41
puerto ayora,-12.677260,-109.201788,76.36,100,44,5.97
mataura,-58.807024,-158.703828,61.15,62,12,25.55
brae,65.526117,-1.719412,37.4,69,68,13.87
vaini,-42.383990,-174.730954,74.29,73,0,3.29
cockburn town,24.460848,-69.298520,75.82,100,92,13.8
taoudenni,26.739495,-4.507960,71.77,40,0,9.22
kodiak,50.633486,-152.106935,33.8,100,90,4.7
cape town,-72.101257,-10.307486,64.4,82,0,11.41
volax,41.535421,23.745170,44.6,75,0,3.36
mar del plata,-56.128051,-37.095346,67.63,53,92,21.74
rikitea,-64.389386,-118.022577,78.97,100,0,4.74
albany,-68.585457,98.348049,35.6,64,75,4.7
chokurdakh,72.579119,147.369973,23.53,92,8,13.47
sol-iletsk,50.318583,55.855725,26.41,88,0,10.67
albany,-87.475628,117.875750,35.6,64,75,4.7
falkenberg,56.869929,12.368612,42.8,87,75,6.31
omsukchan,64.660729,157.205980,29.92,86,88,13.24
rikitea,-38.248660,-119.681260,78.97,100,0,4.74
el alto,-3.356357,-85.431149,37.4,93,0,6.93
saint-joseph,-29.397850,55.912533,55.4,62,92,5.82
punta gorda,16.078326,-88.927500,75.2,88,75,2.62
calabozo,7.805674,-66.966606,84.37,47,0,14.47
albany,-83.142247,92.257655,35.6,64,75,4.7
barrow,84.486648,-156.539195,55.93,85,0,8.77
castro,-48.639833,-86.113953,54.49,100,80,3.18
yellowknife,68.892860,-113.956593,-2.21,58,20,8.05
ushuaia,-77.656638,-58.348450,41,80,75,10.29
vila franca do campo,30.614853,-25.498824,59,62,75,21.92
rikitea,-22.105047,-112.257563,78.97,100,0,4.74
hobart,-64.842205,145.872012,73.4,35,20,13.87
puerto ayora,5.931303,-91.150926,76.36,100,44,5.97
hare bay,49.719718,-53.847068,26.6,68,75,13.87
bluff,-60.698753,168.250860,84.01,49,88,16.93
busselton,-64.339404,81.678175,75.1,82,0,11.79
yamada,39.485535,143.822371,77,33,40,17.22
antofagasta,-22.492524,-74.892059,64.4,72,0,2.24
busselton,-65.669040,97.737572,75.1,82,0,11.79
butaritari,12.456748,179.759635,82.84,100,100,11.68
ushuaia,-85.797560,-69.695876,41,80,75,10.29
tuktoyaktuk,79.132301,-129.329452,-0.41,77,90,10.29
fuengirola,35.625217,-4.031375,51.8,93,40,5.82
east london,-63.346394,45.378954,68,88,0,12.75
norrtalje,59.244352,18.968666,19.4,85,0,3.36
punta arenas,-52.642983,-78.728163,41,80,0,10.29
vanino,49.681768,141.009688,35.77,95,92,15.14
lebu,-36.763190,-80.725181,46.12,87,8,3.18
rikitea,-24.853211,-141.582840,78.97,100,0,4.74
hermanus,-64.471526,3.512887,60.97,98,68,5.08
albany,-69.098952,113.987856,35.6,64,75,4.7
kodiak,41.409394,-155.365352,33.8,100,90,4.7
saint-francois,21.073808,-49.998485,51.8,40,0,10.29
dioknisi,41.541360,42.490882,46.4,93,90,3.36
chokurdakh,89.385313,151.981006,23.53,92,8,13.47
bredasdorp,-85.120613,17.935026,55.4,93,68,1.12
ushuaia,-76.598168,-55.908164,41,80,75,10.29
bereda,12.948265,51.786180,50,81,20,8.05
punta arenas,-64.650785,-76.630893,41,80,0,10.29
guerrero negro,23.631770,-118.129402,57.46,93,0,8.77
coihaique,-48.005558,-71.040528,55.4,93,90,8.05
provideniya,68.048580,-174.272286,30.2,100,75,4.47
ribeira grande,34.095426,-35.638005,60.43,100,48,27.34
trofors,65.538562,13.610276,32,67,75,4.7
ushuaia,-85.576780,-67.219708,41,80,75,10.29
punta arenas,-80.733758,-113.373209,41,80,0,10.29
grindavik,55.862006,-29.274988,30.2,92,90,13.87
hermanus,-89.730705,-5.271745,60.97,98,68,5.08
anadyr,61.812023,174.090434,26.6,86,40,4.47
bluff,-78.393672,167.501151,84.01,49,88,16.93
bathsheba,15.927708,-55.755484,77,83,40,17.22
ambon,-3.323370,127.592110,51.8,93,75,11.41
along,30.277779,94.644355,69.43,54,24,1.95
rikitea,-68.951241,-127.254012,78.97,100,0,4.74
belmonte,-15.301671,-34.618180,48.82,98,92,11.34
torbay,31.444116,-45.186637,28.4,86,75,13.87
qaanaaq,84.339985,-67.931041,-5.36,82,0,8.66
busselton,-82.501609,79.615466,75.1,82,0,11.79
nanortalik,59.015084,-43.205721,32.98,100,32,23.42
bethel,49.605492,-168.326274,33.8,69,1,17.22
tura,66.775180,104.826714,77.62,82,0,3.18
cherskiy,79.215447,163.280911,34.33,77,0,6.76
punta arenas,-61.616903,-113.746018,41,80,0,10.29
bluff,-78.364806,165.926946,84.01,49,88,16.93
ahipara,-33.616926,166.198443,71.86,71,8,7.54
hamilton,32.350037,-69.893593,66.2,88,40,2.24
port alfred,-65.748204,45.379253,70.42,94,80,13.47
bethel,64.698921,-157.674628,33.8,69,1,17.22
punta arenas,-71.294476,-111.649197,41,80,0,10.29
mataura,-72.568049,-164.839477,61.15,62,12,25.55
new norfolk,-53.779501,138.335500,73.4,35,20,13.87
avarua,-21.129211,-158.410150,80.6,83,75,6.93
saint-philippe,-55.614031,66.458280,35.6,74,1,3.36
saint-philippe,-59.928334,67.522519,35.6,74,1,3.36
severo-kurilsk,41.424911,157.326331,31.54,97,92,17.49
saint george,34.036728,-52.458976,42.8,87,20,5.82
tasiilaq,65.422644,-35.740214,19.4,85,64,16.11
kruisfontein,-64.584379,26.623464,68.53,93,100,7.2
georgetown,-13.602886,-15.751301,75.2,94,75,4.7
pacific grove,29.692183,-132.051132,57.2,76,1,7.43
sinnamary,7.559292,-52.042351,79.06,100,88,8.99
san lawrenz,35.565957,12.639594,50,93,20,4.7
rikitea,-30.591239,-123.659846,78.97,100,0,4.74
puerto ayora,-20.990067,-99.111901,76.36,100,44,5.97
saurimo,-10.297457,19.426337,65.29,98,92,3.29
kodiak,40.141231,-155.523259,33.8,100,90,4.7
tasiilaq,66.646780,-40.999346,19.4,85,64,16.11
kieta,3.065431,161.634345,83.02,96,24,10
zonguldak,42.061155,31.714700,45.04,93,48,5.86
albany,-37.722338,118.130590,35.6,64,75,4.7
nuuk,63.351853,-53.707335,32,100,24,12.75
shingu,25.900962,139.293246,68,64,20,6.93
springfield,28.857786,-85.711551,48.2,100,90,11.41
saint-philippe,-67.271999,70.150627,35.6,74,1,3.36
bairnsdale,-37.960374,147.623355,68.35,72,0,3.51
busselton,-50.985719,87.476125,75.1,82,0,11.79
busselton,-80.475098,75.839396,75.1,82,0,11.79
rikitea,-54.239781,-131.121656,78.97,100,0,4.74
eyl,5.068226,53.509489,79.51,100,100,5.41
richards bay,-31.002184,36.110323,73.21,85,8,10.33
bredasdorp,-67.316007,17.647751,55.4,93,68,1.12
high level,57.624686,-115.752420,17.6,61,40,5.82
angermunde,52.917549,14.072303,42.8,87,92,6.93
cape town,-78.153714,-16.680822,64.4,82,0,11.41
new norfolk,-86.979532,120.745426,73.4,35,20,13.87
thompson,56.408589,-92.201242,-9.41,52,5,4.7
nikolskoye,51.455497,171.804997,32,99,90,8.95
mandera,4.150913,42.425402,68.98,98,92,7.76
touros,0.975499,-26.218103,79.96,90,88,7.76
souillac,-32.024106,63.812014,53.6,71,0,14.99
gracac,44.479323,15.643936,32,83,0,1.12
khatanga,74.605131,97.079876,-6.17,87,48,4.63
ushuaia,-72.214701,-52.368740,41,80,75,10.29
watertown,45.136602,-96.483667,30.2,100,90,11.41
kununurra,-20.644723,128.119935,100.4,16,0,14.99
paraopeba,-19.027468,-44.436878,69.8,83,0,2.24
upernavik,87.845916,-54.369060,12.37,87,0,11.01
esperance,-31.215140,123.547811,75.2,88,20,6.64
cidreira,-54.740708,-27.199693,68.62,97,88,7.54
ushuaia,-65.983071,-69.997459,41,80,75,10.29
bredasdorp,-45.078882,20.330236,55.4,93,68,1.12
tessalit,23.550476,4.365456,63.67,33,0,3.4
isangel,-21.150069,173.870826,80.32,100,36,14.81
villa bruzual,8.664254,-68.940697,82.12,54,48,7.99
praia da vitoria,45.299377,-22.262527,57.2,71,75,32.48
albany,-56.116974,123.584104,35.6,64,75,4.7
rock sound,24.315492,-76.573965,75.01,100,48,14.58
rikitea,-83.368975,-140.644768,78.97,100,0,4.74
saint george,29.238333,-57.336402,42.8,87,20,5.82
qaanaaq,83.130853,-67.047608,-5.36,82,0,8.66
cidreira,-33.509683,-47.565046,68.62,97,88,7.54
derac,19.677671,-71.864842,71.95,100,44,4.74
arraial do cabo,-41.379809,-23.237644,76.36,92,24,2.51
roebourne,-22.304064,118.115347,101.56,27,0,9.89
victoria,-6.641802,52.006960,84.2,79,75,5.82
dera bugti,29.204166,68.823929,73.93,61,0,9.66
mataura,-69.805534,-142.211404,61.15,62,12,25.55
hasaki,31.579315,148.151125,71.6,53,20,9.17
mataura,-85.353563,-153.033851,61.15,62,12,25.55
lagoa,49.427640,-36.050267,57.2,100,20,6.93
cape town,-45.865838,9.198423,64.4,82,0,11.41
severo-yeniseyskiy,60.199341,93.796424,20.83,70,48,5.3
punta arenas,-66.854403,-96.374024,41,80,0,10.29
barrow,82.763731,-164.953969,55.93,85,0,8.77
mataura,-56.101506,-144.211833,61.15,62,12,25.55
ushuaia,-86.337873,-46.252636,41,80,75,10.29
rikitea,-22.842233,-113.479946,78.97,100,0,4.74
kapaa,18.352463,-163.024083,77,73,90,11.41
hermanus,-39.797593,15.423935,60.97,98,68,5.08
ushuaia,-75.539084,-23.171172,41,80,75,10.29
grong,64.562876,12.843983,23,92,40,9.17
rikitea,-38.224945,-110.746514,78.97,100,0,4.74
georgetown,9.404761,-57.263718,75.2,94,75,4.7
punta arenas,-74.891335,-83.984284,41,80,0,10.29
atuona,-8.445484,-127.090068,81.85,100,0,15.7
hay river,58.980247,-111.866889,-4.01,70,40,4.97
airai,16.128536,136.183957,84.19,61,0,1.72
kachiry,53.276359,75.510477,27.22,99,44,11.79
staryy nadym,67.483902,73.155968,1.12,83,12,14.25
ushuaia,-78.894872,-19.188593,41,80,75,10.29
bayeux,-7.068633,-34.933234,51.8,87,75,11.41
port alfred,-79.477201,52.626641,70.42,94,80,13.47
tasiilaq,74.121020,-39.556064,19.4,85,64,16.11
ushuaia,-80.042692,-22.255023,41,80,75,10.29
cabo san lucas,18.834730,-109.545867,70.69,93,0,14.58
iracoubo,8.698695,-52.374435,76.54,91,92,3.96
gloversville,43.630756,-74.349147,35.6,64,75,4.7
sri aman,-0.088011,110.911619,86,74,75,2.24
te anau,-44.547649,160.189308,52.42,78,12,15.93
bonthe,4.318145,-15.535581,78.79,93,32,5.19
oussouye,11.584021,-19.022022,68,88,0,9.17
ormara,26.499211,64.526318,76,96,0,5.64
mataura,-57.359162,-153.598518,61.15,62,12,25.55
rikitea,-78.832806,-135.505544,78.97,100,0,4.74
pahrump,37.470112,-115.806109,75.2,18,40,9.17
nikolskoye,50.389753,164.055089,32,99,90,8.95
viedma,-41.840592,-62.936688,68.17,44,0,12.8
kodiak,45.412146,-150.719612,33.8,100,90,4.7
port alfred,-81.162702,39.755286,70.42,94,80,13.47
chernushka,56.733471,56.000828,27.22,88,36,9.22
moose factory,51.158472,-79.959958,-2.21,58,1,8.05
tiksi,86.802179,129.837878,13.09,89,24,5.97
bredasdorp,-89.612676,17.751091,55.4,93,68,1.12
mataura,-61.536163,-155.099540,61.15,62,12,25.55
auki,-2.424832,164.104712,66.55,52,0,3.29
rikitea,-52.800160,-111.705344,78.97,100,0,4.74
ushuaia,-71.157784,-79.813809,41,80,75,10.29
san patricio,17.308054,-105.869053,67.27,92,80,2.39
hilo,9.921217,-155.338371,77,73,90,5.82
butaritari,28.985468,175.511337,82.84,100,100,11.68
hilo,16.417579,-139.081870,77,73,90,5.82
rikitea,-12.580675,-123.458476,78.97,100,0,4.74
lithgow,-33.751814,150.254890,73.4,64,90,1.12
mataura,-51.206377,-152.399807,61.15,62,12,25.55
punta arenas,-65.681575,-107.966325,41,80,0,10.29
gagnoa,5.979461,-5.949613,75.46,93,32,5.41
lebu,-37.811676,-102.775055,46.12,87,8,3.18
road town,23.683216,-63.386897,73.4,83,1,5.82
hobart,-80.076863,133.717656,73.4,35,20,13.87
vanavara,62.336193,101.846708,20.11,64,0,3.74
butaritari,29.568138,177.187930,82.84,100,100,11.68
drummondville,46.086714,-72.292886,26.32,74,20,2.73
wanaka,-42.891771,168.832447,58.36,41,32,7.65
krasne,45.803099,32.880233,26.6,92,0,4.47
ushuaia,-70.435358,-34.972777,41,80,75,10.29
port elizabeth,-41.458353,26.307109,42.8,86,1,3.36
yellowknife,75.033832,-111.677500,-2.21,58,20,8.05
saskylakh,79.982836,115.269047,-3.38,76,0,8.1
souillac,-48.665082,71.245398,53.6,71,0,14.99
emborion,36.225130,25.268076,31.72,100,0,2.39
aripuana,-9.351970,-60.187846,73.39,97,24,2.06
rikitea,-70.556703,-136.272996,78.97,100,0,4.74
pontes e lacerda,-14.333809,-58.861163,69.7,98,92,3.74
iquique,-19.874173,-71.309080,68,68,0,4.18
avarua,-33.792324,-166.966049,80.6,83,75,6.93
vaini,-21.794088,-176.190898,74.29,73,0,3.29
mataura,-25.731272,-150.063167,61.15,62,12,25.55
wuan,36.971109,113.829596,77.71,77,0,9.89
chuy,-42.744347,-42.312191,66.82,98,76,4.18
berdigestyakh,61.593772,126.801030,9.76,47,44,12.01
rikitea,-67.796010,-125.986025,78.97,100,0,4.74
vaini,-51.476155,-177.510053,74.29,73,0,3.29
atuona,6.273001,-129.046914,81.85,100,0,15.7
rikitea,-34.198706,-134.012027,78.97,100,0,4.74
kapaa,8.548905,-169.369725,77,73,90,11.41
gold coast,-27.952062,154.755609,80.6,61,40,16.11
bereda,14.241201,51.602783,50,81,20,8.05
barquisimeto,10.317886,-69.476806,73.4,73,75,3.36
talnakh,69.742878,93.830841,-13.82,63,12,3.4
hermanus,-67.806882,3.023490,60.97,98,68,5.08
busselton,-58.541473,93.366199,75.1,82,0,11.79
san cristobal,-1.133173,-88.326700,53.6,87,90,2.24
pangai,-19.207487,-176.870716,81.22,100,80,21.85
lebu,-36.676759,-96.358969,46.12,87,8,3.18
vestmannaeyjar,61.472699,-20.533929,34.42,100,92,12.8
kahului,28.160521,-151.077287,75.2,94,90,16.11
busselton,-58.047386,80.898089,75.1,82,0,11.79
ulaangom,50.182649,92.346750,16.51,74,20,1.5
santa catalina,12.761962,-77.432505,86,79,20,11.41
port alfred,-70.271012,36.779683,70.42,94,80,13.47
pacific grove,30.134090,-132.277536,57.2,76,1,7.43
ushuaia,-83.941274,-38.466518,41,80,75,10.29
avarua,-78.422047,-167.294924,80.6,83,75,6.93
chuy,-48.649076,-36.700226,66.82,98,76,4.18
hermanus,-53.427498,11.171732,60.97,98,68,5.08
avarua,-27.597460,-160.128367,80.6,83,75,6.93
itupiranga,-4.452467,-48.640061,80.6,88,20,3.36
bilma,21.659848,13.506982,60.34,33,24,2.84
lagoa,46.356881,-25.151757,57.2,100,20,6.93
atuona,-2.832462,-140.752708,81.85,100,0,15.7
vylkove,45.494089,30.069445,38.38,86,0,3.18
chicama,-11.381339,-85.828789,66.2,93,75,5.82
airai,9.098120,135.686490,84.19,61,0,1.72
punta arenas,-71.973938,-116.245289,41,80,0,10.29
ushuaia,-89.182405,-50.295109,41,80,75,10.29
russell,-32.437101,175.919447,46.84,88,0,2.62
chokurdakh,80.327608,155.761869,23.53,92,8,13.47
bilibino,67.520709,166.299528,37.93,76,8,5.41
saskylakh,89.989725,111.944252,-3.38,76,0,8.1
jiuquan,35.880661,97.810278,38.29,79,0,4.29
airai,19.376328,138.938411,84.19,61,0,1.72
ribeira grande,31.140836,-44.900798,60.43,100,48,27.34
faanui,-7.150817,-148.614800,82.39,100,44,11.79
atuona,-1.539382,-141.907544,81.85,100,0,15.7
morbegno,46.100098,9.602271,50,86,75,10.29
tahoua,15.362656,4.957913,68.17,51,24,4.41
albany,-78.622153,96.351521,35.6,64,75,4.7
arraial do cabo,-39.658213,-27.109316,76.36,92,24,2.51
khandyga,64.248430,136.301789,33.52,52,80,4.29
bluff,-73.857117,153.131190,84.01,49,88,16.93
teeli,51.763866,89.903335,14.8,58,36,2.39
carnarvon,-24.065338,95.693578,54.31,95,68,4.29
port moresby,-11.946199,148.039156,84.2,83,40,23.04
kargasok,61.373638,80.762975,19.57,86,76,7.76
lufilufi,-2.135108,-165.442832,89.6,66,75,6.93
kruisfontein,-78.425479,28.876433,68.53,93,100,7.2
belmonte,-15.162257,-36.443897,48.82,98,92,11.34
iqaluit,65.617206,-73.109746,17.6,85,90,23.04
ilulissat,81.323952,-45.770944,10.4,78,0,5.82
mataura,-25.110184,-146.966177,61.15,62,12,25.55
yumen,41.087238,95.785487,41.62,41,12,11.9
zeya,55.649887,129.371928,20.56,41,48,11.68
avarua,-18.687732,-159.054613,80.6,83,75,6.93
provideniya,49.876168,-174.350767,30.2,100,75,4.47
rikitea,-79.897236,-124.235005,78.97,100,0,4.74
vaini,-38.566641,-173.476051,74.29,73,0,3.29
rikitea,-23.115697,-107.534838,78.97,100,0,4.74
qaanaaq,75.710436,-81.641968,-5.36,82,0,8.66
atuona,2.096137,-129.284989,81.85,100,0,15.7
beira,-20.764639,34.063854,50,81,20,8.05
nikolskoye,37.781656,169.126084,32,99,90,8.95
busselton,-58.399387,98.010007,75.1,82,0,11.79
mar del plata,-59.217077,-42.780181,67.63,53,92,21.74
mahebourg,-26.823456,63.512398,77,100,75,1.12
bluff,-82.341010,172.504833,84.01,49,88,16.93
cape town,-63.836379,-5.938262,64.4,82,0,11.41
shar,49.364004,80.581904,75.64,89,24,11.45
coventry,41.725442,-71.746233,48.2,93,40,6.93
banda aceh,2.281531,90.467659,82.39,87,8,2.73
new norfolk,-54.410747,136.982849,73.4,35,20,13.87
baihar,22.200402,80.309592,81.67,38,0,4.74
rikitea,-27.375991,-114.277045,78.97,100,0,4.74
puri,17.689571,87.605637,82.57,88,12,4.85
torbay,44.274570,-44.898313,28.4,86,75,13.87
saint-philippe,-67.232391,71.063526,35.6,74,1,3.36
port lincoln,-45.372013,129.458618,67.63,85,0,5.75
rikitea,-31.660848,-122.478235,78.97,100,0,4.74
bluff,-84.441689,160.061891,84.01,49,88,16.93
cape town,-50.705335,0.603393,64.4,82,0,11.41
port alfred,-57.549416,40.943212,70.42,94,80,13.47
naze,28.364475,128.969950,75.2,94,32,5.19
rikitea,-16.626429,-126.410562,78.97,100,0,4.74
henties bay,-24.542250,2.908928,68.98,92,92,10.67
lumby,49.690465,-118.858580,41,44,90,3.36
lindi,-9.027272,40.517783,73.75,97,92,2.84
lagoa,45.701162,-32.050460,57.2,100,20,6.93
busselton,-40.719736,87.783722,75.1,82,0,11.79
katsuura,23.601864,152.595156,73.4,49,20,11.41
mweka,-4.108369,22.084672,70.6,100,92,2.28
poum,-16.425039,163.348823,27.76,91,0,0.72
port-gentil,-2.531863,5.954757,79.96,100,100,4.18
aklavik,72.118115,-138.016081,3.2,71,90,4.7
dikson,89.346560,75.673349,0.94,83,36,17.83
kapaa,32.730066,-156.918435,77,73,90,11.41
dingle,52.665532,-18.161711,82.48,82,24,6.42
lorengau,1.696424,146.803135,81.85,100,24,8.55
ibra,20.950721,58.279677,65.56,60,0,2.39
hue,16.458045,107.252090,84.2,58,40,3.36
souillac,-58.811652,76.144477,53.6,71,0,14.99
parnamirim,-7.932171,-39.554236,78.8,88,40,4.7
carnarvon,-30.031186,91.705590,54.31,95,68,4.29
atuona,-1.271644,-150.959671,81.85,100,0,15.7
bandarbeyla,6.235589,56.734713,80.23,100,68,6.2
port alfred,-80.406107,41.406422,70.42,94,80,13.47
lasa,31.924362,91.496261,55.4,81,0,6.93
ushuaia,-87.688220,-31.825828,41,80,75,10.29
san quintin,25.725283,-120.337161,87.8,52,20,6.93
esperance,-27.892276,124.522632,75.2,88,20,6.64
channarayapatna,12.948904,76.413105,78.8,78,0,4.7
arraial do cabo,-37.981342,-23.027412,76.36,92,24,2.51
kaitangata,-58.210503,174.327587,60.88,59,8,26.33
khatanga,82.646780,105.028940,-6.17,87,48,4.63
punta arenas,-66.551573,-88.719963,41,80,0,10.29
ukiah,35.985579,-128.394528,60.8,41,1,2.17
yerbogachen,65.663400,105.370896,20.11,60,56,5.86
alyangula,-15.973945,138.835436,92.02,79,0,12.35
hermanus,-88.879544,-11.300841,60.97,98,68,5.08
east london,-43.902265,34.833569,68,88,0,12.75
coos bay,43.268089,-124.637822,44.6,70,1,11.41
kodiak,54.146169,-153.935275,33.8,100,90,4.7
qaanaaq,75.809698,-72.931750,-5.36,82,0,8.66
kodiak,47.153856,-160.473656,33.8,100,90,4.7
cape town,-40.647122,11.918518,64.4,82,0,11.41
hermanus,-79.016626,-0.653468,60.97,98,68,5.08
new norfolk,-70.599622,131.699433,73.4,35,20,13.87
touba,8.050897,-7.936177,62.6,93,0,2.24
hobart,-77.266138,137.568360,73.4,35,20,13.87
coquimbo,-30.258823,-82.524861,55.4,82,0,2.24
rikitea,-63.705330,-122.702729,78.97,100,0,4.74
leningradskiy,73.390045,176.689593,28.21,90,0,7.31
rio grande,-43.072265,-40.072421,68.62,99,88,6.42
opunake,-40.037533,173.717424,67,91,92,19.62
moen,69.467018,17.185965,15.8,83,20,2.84
yellowknife,61.484759,-110.629446,-2.21,58,20,8.05
hithadhoo,-18.803676,80.386739,84.01,100,92,5.75
calama,-23.253665,-67.722899,50,37,0,9.17
hobart,-46.105813,149.136661,73.4,35,20,13.87
port alfred,-43.091285,32.922225,70.42,94,80,13.47
airai,17.972276,150.318935,84.19,61,0,1.72
butaritari,5.056402,170.636547,82.84,100,100,11.68
busselton,-79.988949,84.892372,75.1,82,0,11.79
husavik,70.066266,-15.830095,0.31,73,0,8.21
khorinsk,52.703842,110.391119,23.71,35,0,3.96
cape town,-44.862741,11.155142,64.4,82,0,11.41
nikolskoye,40.892861,170.806385,32,99,90,8.95
punta arenas,-58.866085,-81.287073,41,80,0,10.29
nanortalik,59.171815,-43.421367,32.98,100,32,23.42
puerto ayora,-10.762706,-106.551488,76.36,100,44,5.97
mago,53.266683,139.265281,27.94,67,80,15.82
jamestown,-31.985010,-17.860515,71.59,42,0,7.54
walvis bay,-25.045886,12.038720,64.4,88,92,9.17
ushuaia,-83.780790,-87.645194,41,80,75,10.29
nikolskoye,39.323403,174.741819,32,99,90,8.95
saint george,37.036797,-66.818203,42.8,87,20,5.82
faanui,-6.153074,-158.556967,82.39,100,44,11.79
arraial do cabo,-48.377649,-21.942859,76.36,92,24,2.51
torbay,43.887930,-44.594710,28.4,86,75,13.87
puerto ayora,3.584942,-99.895235,76.36,100,44,5.97
jamestown,-36.933706,-15.305061,71.59,42,0,7.54
nome,70.185069,-164.030181,71.6,88,90,8.05
busselton,-48.522576,104.607210,75.1,82,0,11.79
bredasdorp,-84.233230,18.479955,55.4,93,68,1.12
norman wells,62.196505,-128.052209,6.8,60,40,6.93
albany,-68.572979,116.792463,35.6,64,75,4.7
khatanga,89.248361,100.838961,-6.17,87,48,4.63
pontianak,-1.028389,109.865239,84.91,87,12,4.18
providencia,28.820320,-111.373238,53.32,99,100,1.95
sao filipe,10.674044,-32.073817,68.53,100,24,14.36
te anau,-42.543090,166.431987,52.42,78,12,15.93
arraial do cabo,-30.192965,-37.953904,76.36,92,24,2.51
hilo,8.282074,-141.014738,77,73,90,5.82
luanda,-10.367773,8.126249,80.6,78,75,4.7
hasaki,25.196623,162.492261,71.6,53,20,9.17
lagoa,45.814253,-25.717995,57.2,100,20,6.93
rodrigues alves,-12.250245,-64.415426,75.2,94,75,2.51
portland,-52.995966,131.966888,50,49,75,6.93
machico,31.548317,-15.626986,60.8,67,20,4.7
jamestown,-28.239416,-11.670035,71.59,42,0,7.54
rutland,43.761804,-73.037430,30.2,68,1,9.17
daru,-8.882190,143.797503,72.85,94,80,3.06
sitka,53.213688,-138.861255,67.9,30,0,18.16
kloulklubed,3.255111,136.183836,87.8,70,75,10.29
atuona,-1.563757,-127.836412,81.85,100,0,15.7
aksum,14.151385,38.724506,51.25,75,0,2.39
cherskiy,86.371654,159.073640,34.33,77,0,6.76
hithadhoo,-6.285759,83.689117,84.01,100,92,5.75
tiksi,81.618975,123.284814,13.09,89,24,5.97
kapaa,30.960885,-159.808338,77,73,90,11.41
olyka,50.957522,26.047146,32,89,0,4.47
puerto ayora,-7.244520,-94.443164,76.36,100,44,5.97
semme,14.853744,-12.954981,48.2,70,0,12.75
ballitoville,-30.032454,31.704188,69.52,86,0,6.31
upernavik,87.329669,-50.479956,12.37,87,0,11.01
bluff,-63.953954,163.712426,84.01,49,88,16.93
saint george,29.038694,-49.135020,42.8,87,20,5.82
ushuaia,-71.648599,-46.190650,41,80,75,10.29
iqaluit,64.122052,-72.252272,17.6,85,90,23.04
bluff,-88.117325,151.753658,84.01,49,88,16.93
ushuaia,-76.224226,-45.177946,41,80,75,10.29
likasi,-10.453405,27.100060,65.11,100,64,6.98
nome,72.595207,-165.296957,71.6,88,90,8.05
yerbogachen,61.242653,105.689663,20.11,60,56,5.86
taoudenni,24.697212,-7.391390,71.77,40,0,9.22
manali,32.961980,78.056454,14.71,89,80,0.94
male,4.544793,75.356044,32.53,93,44,11.12
cape town,-67.198941,-8.950253,64.4,82,0,11.41
albany,-51.199313,108.350789,35.6,64,75,4.7
manono,-7.357259,26.940277,69.25,97,44,3.62
los llanos de aridane,29.389303,-21.094035,60.8,72,8,4.7
kodiak,43.868218,-158.787662,33.8,100,90,4.7
vaini,-42.641791,-173.547374,74.29,73,0,3.29
neyveli,11.622519,79.402879,82.57,79,0,4.41
maniitsoq,61.967276,-59.534982,20.11,57,0,5.97
cape town,-53.812181,-7.060635,64.4,82,0,11.41
homer,59.453045,-153.537806,44.6,20,1,10.29
busselton,-50.349298,86.776790,75.1,82,0,11.79
volda,62.136574,6.038935,28.4,92,0,6.42
ushuaia,-81.025438,-28.281039,41,80,75,10.29
jamestown,-33.210885,-8.474162,71.59,42,0,7.54
hilo,27.536536,-146.287016,77,73,90,5.82
vysokogornyy,50.380748,138.977769,20.47,51,68,12.57
bani walid,31.274327,13.644051,45.49,81,0,3.29
hobart,-77.983511,137.478150,73.4,35,20,13.87
kirakira,-14.912722,161.193591,81.67,100,92,10.45
cape town,-58.929861,-1.416032,64.4,82,0,11.41
jamestown,-12.335315,-1.560858,71.59,42,0,7.54
bredasdorp,-71.381956,26.180471,55.4,93,68,1.12
peleduy,60.425451,112.786084,20.56,54,44,5.41
samarai,-12.696187,154.563917,82.57,100,56,8.21
zmeinogorsk,50.844550,82.367474,21.64,91,88,5.19
nanortalik,49.395293,-37.230631,32.98,100,32,23.42
sokol,59.417804,40.119032,36.13,100,92,19.06
upernavik,73.260001,-59.729827,12.37,87,0,11.01
hilo,23.766776,-137.583738,77,73,90,5.82
paamiut,62.056770,-51.442888,33.97,84,92,6.53
khatanga,81.870243,101.452797,-6.17,87,48,4.63
new norfolk,-63.730647,131.830342,73.4,35,20,13.87
busselton,-47.878214,91.340624,75.1,82,0,11.79
busselton,-40.251192,101.264981,75.1,82,0,11.79
hithadhoo,-19.952418,84.623269,84.01,100,92,5.75
mataura,-85.607806,-149.538921,61.15,62,12,25.55
provideniya,54.704516,-177.282427,30.2,100,75,4.47
ushuaia,-69.915384,-27.728513,41,80,75,10.29
hobart,-79.991563,135.113431,73.4,35,20,13.87
vaini,-61.445805,-178.649638,74.29,73,0,3.29
cockburn town,28.547974,-71.364826,75.82,100,92,13.8
chicama,-14.498839,-89.743273,66.2,93,75,5.82
ancud,-41.486980,-90.825506,55.84,96,92,4.97
buchanan,1.774592,-11.235201,77,94,75,5.97
chokurdakh,79.986541,147.245765,23.53,92,8,13.47
hilo,19.591732,-144.504219,77,73,90,5.82
bonavista,51.182798,-46.006133,29.56,92,88,13.47
san patricio,2.905670,-119.960130,67.27,92,80,2.39
busselton,-71.969131,91.926270,75.1,82,0,11.79
yellowknife,82.766712,-108.701009,-2.21,58,20,8.05
kaitangata,-61.522584,176.356249,60.88,59,8,26.33
sibolga,0.622424,98.710253,77.08,92,56,2.17
kamenka,68.860010,43.712904,34.24,93,80,16.71
grindavik,56.051723,-26.430953,30.2,92,90,13.87
ushuaia,-67.489106,-67.887842,41,80,75,10.29
severo-kurilsk,46.875986,156.882123,31.54,97,92,17.49
ushuaia,-83.119686,-32.013938,41,80,75,10.29
port blair,11.720222,94.903143,83.92,100,0,8.32
hilo,14.859001,-148.444426,77,73,90,5.82
raduzhnyy,59.821913,49.777661,-1.49,82,56,11.23
touros,2.299366,-31.863495,79.96,90,88,7.76
alofi,-21.034638,-166.392822,80.6,83,88,4.7
punta arenas,-69.696728,-111.963554,41,80,0,10.29
port elizabeth,-80.655822,33.032582,42.8,86,1,3.36
dikson,85.525888,78.334114,0.94,83,36,17.83
esperance,-44.587667,126.162155,75.2,88,20,6.64
macomb,40.603179,-90.676763,41,100,90,6.93
souillac,-51.423179,73.731151,53.6,71,0,14.99
bluff,-73.027825,160.702048,84.01,49,88,16.93
kristiansund,65.430318,7.038717,26.6,86,0,3.36
punta arenas,-82.420782,-111.609796,41,80,0,10.29
iqaluit,63.805060,-79.605073,17.6,85,90,23.04
laguna,-37.845108,-37.913980,66.2,39,5,5.82
maksatikha,57.872187,36.025586,33.61,95,88,15.7
saint-georges,6.392963,-47.293684,19.39,79,0,2.73
kaitangata,-72.313301,177.799945,60.88,59,8,26.33
necochea,-41.832542,-56.612082,55.48,88,0,9.22
kaitangata,-69.808069,175.942917,60.88,59,8,26.33
vaini,-50.332565,-171.392173,74.29,73,0,3.29
mataura,-51.546260,-156.407988,61.15,62,12,25.55
yellowknife,74.725714,-104.700137,-2.21,58,20,8.05
hobart,-89.098464,131.471268,73.4,35,20,13.87
port elizabeth,-83.884378,37.517800,42.8,86,1,3.36
clyde river,69.162262,-67.579713,10.4,85,90,18.34
mar del plata,-54.976965,-45.520439,67.63,53,92,21.74
salinopolis,4.987911,-44.787752,79.69,100,64,8.21
tessalit,20.771231,0.919853,63.67,33,0,3.4
castro,-53.345372,-100.580452,54.49,100,80,3.18
tuatapere,-53.661900,158.309934,57.91,95,20,25.43
lebu,-29.450482,-102.880762,46.12,87,8,3.18
cassilandia,-19.391055,-52.775232,70.51,94,64,4.63
castro,-46.892058,-101.016658,54.49,100,80,3.18
qaanaaq,89.934006,-65.058952,-5.36,82,0,8.66
busselton,-36.408435,95.943813,75.1,82,0,11.79
lompoc,24.408527,-127.346338,55.4,93,75,4.7
kahului,29.711597,-152.560131,75.2,94,90,16.11
mahebourg,-31.723034,69.272485,77,100,75,1.12
egvekinot,58.738521,-179.836445,36.4,92,0,3.18
kuryk,42.040208,50.999285,47.38,80,0,18.72
bluff,-57.517170,161.876377,84.01,49,88,16.93
kidal,18.210140,3.643273,67.54,30,80,4.41
dzhebariki-khaya,61.717757,136.519879,33.52,52,80,4.29
prieska,-28.862145,22.715603,58.36,93,92,2.73
san-pedro,0.154567,-4.750262,77.44,94,8,8.21
arraial do cabo,-52.290488,-19.499864,76.36,92,24,2.51
punta arenas,-53.119631,-83.981828,41,80,0,10.29
broken hill,-28.155087,139.138189,76.27,38,0,15.37
imbituba,-28.276522,-46.555847,73.4,88,20,3.36
vaini,-39.677048,-179.926850,74.29,73,0,3.29
satis,54.958451,43.670007,36.58,94,76,15.82
port elizabeth,-75.260621,30.299621,42.8,86,1,3.36
rikitea,-79.392318,-130.048117,78.97,100,0,4.74
dong hoi,17.555043,107.478774,75.82,92,36,9.44
busselton,-61.428804,98.163108,75.1,82,0,11.79
chiredzi,-21.417337,32.749365,63.22,88,0,2.73
norman wells,77.749069,-121.533094,6.8,60,40,6.93
busselton,-64.966204,87.918468,75.1,82,0,11.79
ushuaia,-70.564352,-25.952954,41,80,75,10.29
enterprise,30.895970,-85.795222,69.8,83,75,4.7
bluff,-74.622537,167.224027,84.01,49,88,16.93
bambous virieux,-39.681436,82.254917,77,100,75,1.12
kadoshkino,54.174305,44.431500,34.15,91,44,16.71
hermanus,-76.744818,11.582687,60.97,98,68,5.08
johnstown,40.184317,-79.020925,37.4,80,90,11.41
albany,-71.643426,117.161394,35.6,64,75,4.7
bethel,55.347115,-164.286738,33.8,69,1,17.22
upernavik,74.355932,-52.744322,12.37,87,0,11.01
petropavlovsk-kamchatskiy,50.440450,162.055220,30.2,63,24,13.42
college,72.280793,-146.657685,28.4,16,1,10.29
kailua,26.303971,-155.183867,75.2,94,90,11.41
mataura,-87.452743,-166.759112,61.15,62,12,25.55
rikitea,-16.549824,-133.239816,78.97,100,0,4.74
mataura,-54.020633,-142.122510,61.15,62,12,25.55
gryazovets,58.946676,40.282994,35.86,100,92,19.51
clyde river,68.882355,-71.995884,10.4,85,90,18.34
port alfred,-70.843091,38.995272,70.42,94,80,13.47
yulara,-28.760638,127.269968,86,22,0,11.41
chuy,-56.934290,-28.689754,66.82,98,76,4.18
yar-sale,68.664024,71.578408,-0.23,67,20,14.25
nakhon phanom,17.833681,104.558833,86,42,76,6.93
mataura,-85.286778,-154.700493,61.15,62,12,25.55
chimbote,-10.481025,-81.972677,67.9,91,12,6.53
surt,31.699365,17.845565,54.31,100,0,8.43
mataura,-51.759227,-156.978708,61.15,62,12,25.55
walvis bay,-23.476570,13.318728,64.4,88,92,9.17
hobart,-48.830132,154.562151,73.4,35,20,13.87
yerbogachen,61.324836,105.880015,20.11,60,56,5.86
atuona,-15.381252,-140.343653,81.85,100,0,15.7
barrow,84.628032,-167.004933,55.93,85,0,8.77
cape town,-50.797293,2.002575,64.4,82,0,11.41
port lincoln,-41.032004,129.434075,67.63,85,0,5.75
yellowknife,66.955506,-106.136980,-2.21,58,20,8.05
saint-philippe,-59.827094,75.092880,35.6,74,1,3.36
saldanha,-43.634173,-4.404203,47.83,95,92,14.36
hobart,-75.057713,151.543025,73.4,35,20,13.87
vaini,-53.683798,-174.497313,74.29,73,0,3.29
puerto ayora,-20.922299,-96.292517,76.36,100,44,5.97
bera,23.876798,89.667716,81.49,63,0,3.96
mataura,-51.652930,-154.005748,61.15,62,12,25.55
itanagar,27.253540,93.291048,80.6,54,40,4.7
avarua,-22.201199,-156.615673,80.6,83,75,6.93
caravelas,-22.133917,-27.252204,80.86,100,0,16.04
mataura,-77.884524,-141.876453,61.15,62,12,25.55
dikson,89.666594,85.734562,0.94,83,36,17.83
jamestown,-19.732904,0.232886,71.59,42,0,7.54
lavrentiya,69.492696,-171.428158,29.92,100,0,2.06
busselton,-83.972920,82.207634,75.1,82,0,11.79
mataura,-53.682559,-145.648883,61.15,62,12,25.55
ushuaia,-72.573087,-58.333438,41,80,75,10.29
kendari,-3.969179,123.687725,84.82,91,44,3.85
bethel,59.918223,-164.759877,33.8,69,1,17.22
iskateley,68.620948,54.847813,14.89,78,76,18.95
hermanus,-84.307830,5.531280,60.97,98,68,5.08
cockburn town,23.523244,-73.500188,75.82,100,92,13.8
busselton,-62.974078,100.789250,75.1,82,0,11.79
aranos,-23.657153,19.792380,67.54,38,92,11.79
punta arenas,-80.202220,-87.657687,41,80,0,10.29
laguna,-40.544637,-35.975549,66.2,39,5,5.82
albany,-70.861034,101.938761,35.6,64,75,4.7
rikitea,-20.210248,-119.310117,78.97,100,0,4.74
andilamena,-17.328734,48.613890,66.19,98,64,7.2
rikitea,-73.716676,-130.651766,78.97,100,0,4.74
hermanus,-82.139474,4.971627,60.97,98,68,5.08
luderitz,-31.972544,5.499685,62.6,82,80,2.24
dunedin,-54.971506,176.387678,65.38,42,0,14.14
port macquarie,-32.990290,158.240132,73.4,83,90,10.29
ambilobe,-11.201221,47.477853,69.61,91,0,4.07
jamestown,-46.719626,-13.897945,71.59,42,0,7.54
ushuaia,-71.327590,-61.303142,41,80,75,10.29
yellowknife,79.142829,-104.380305,-2.21,58,20,8.05
carnarvon,-27.524449,92.979749,54.31,95,68,4.29
haines junction,61.901245,-141.351109,10.66,70,64,5.64
la crosse,43.593611,-91.505837,35.6,55,90,11.41
hermanus,-80.216319,-6.086430,60.97,98,68,5.08
hobart,-71.268088,149.153588,73.4,35,20,13.87
boa vista,2.731135,-61.136262,80.6,74,90,11.41
jamestown,-12.903575,0.059404,71.59,42,0,7.54
saint andrews,44.149523,-67.067009,67.27,64,20,4.97
kerava,60.295862,25.114332,24.8,85,0,10.29
lazaro cardenas,5.154035,-108.938598,73.4,12,5,10.29
albany,-78.588321,114.907838,35.6,64,75,4.7
vaini,-74.355533,-168.156294,74.29,73,0,3.29
ekibastuz,50.876305,74.327400,25.06,96,92,10.11
mae sot,15.888334,98.624829,84.2,54,40,2.24
piedade,-23.841011,-47.511891,68.62,84,20,3.85
longyearbyen,81.789516,22.698794,10.4,60,20,19.46
karaton,46.544418,53.067447,87.8,66,40,8.05
cabo san lucas,19.904979,-110.621202,70.69,93,0,14.58
guerrero negro,25.117105,-116.226626,57.46,93,0,8.77
mataura,-70.805667,-145.040758,61.15,62,12,25.55
lasa,29.683196,92.362923,55.4,81,0,6.93
xihe,32.054692,113.459901,59.26,36,0,5.3
kaseda,30.984337,130.715349,71.6,49,20,6.93
albany,-71.905015,116.609239,35.6,64,75,4.7
perg,48.477204,14.826905,39.2,80,0,3.36
punta arenas,-87.698752,-121.595648,41,80,0,10.29
tasiilaq,56.668797,-31.391977,19.4,85,64,16.11
guiratinga,-15.742586,-53.578641,67.81,97,8,1.72
mahon,40.181931,5.380538,46.4,100,75,11.41
ahipara,-32.995751,170.734144,71.86,71,8,7.54
busselton,-64.247080,97.871049,75.1,82,0,11.79
thompson,55.536522,-98.377231,-9.41,52,5,4.7
qaanaaq,79.721538,-85.800023,-5.36,82,0,8.66
ribeira grande,33.420454,-28.584601,60.43,100,48,27.34
monster,52.479357,3.600509,51.8,93,92,10.29
myaundzha,64.986659,147.268923,23.98,77,76,8.99
biak,-1.751086,136.126340,79.96,100,12,2.17
bambous virieux,-33.789554,80.249368,77,100,75,1.12
chenzhou,25.406586,112.569166,81.04,72,76,7.31
saskylakh,75.885093,109.957905,-3.38,76,0,8.1
geraldton,-29.633071,113.183000,-4.01,53,5,5.3
partizansk,43.311144,133.031867,43.78,42,36,7.2
evensk,60.618747,158.116731,34.42,90,92,13.02
victoria,4.607125,60.188970,84.2,79,75,5.82
haines junction,64.417934,-141.365898,10.66,70,64,5.64
kruisfontein,-58.040241,27.455853,68.53,93,100,7.2
kodiak,41.841021,-145.048270,33.8,100,90,4.7
christchurch,-51.947989,179.803235,62.6,72,0,17.22
yar-sale,76.378610,70.203110,-0.23,67,20,14.25
shache,38.744384,77.764816,54.31,35,36,5.64
ushuaia,-77.419852,-71.517193,41,80,75,10.29
linares,-36.722210,-69.972285,57.28,96,56,1.61
busselton,-65.276146,87.610384,75.1,82,0,11.79
banyo,6.555942,12.163367,62.77,82,36,5.86
lompoc,22.043247,-128.561400,55.4,93,75,4.7
dikson,74.036310,78.035387,0.94,83,36,17.83
kamenka,68.032233,44.546522,34.24,93,80,16.71
saint-pierre,38.176743,-54.361656,51.8,70,0,12.75
castro,-46.607592,-83.239280,54.49,100,80,3.18
pisco,-13.848708,-77.167572,69.8,73,0,14.99
ushuaia,-57.114471,-63.402112,41,80,75,10.29
mataura,-76.892140,-160.358587,61.15,62,12,25.55
bluff,-71.893352,171.513721,84.01,49,88,16.93
naryan-mar,67.092729,52.351066,16.06,79,76,19.51
khatanga,70.097292,100.557205,-6.17,87,48,4.63
axim,-2.885059,-3.937295,81.58,99,20,10
kopervik,58.546851,4.698709,35.6,55,0,10.29
ruston,32.273445,-92.664139,73.4,73,1,7.65
harper,-2.758797,-6.732073,71.6,78,90,9.17
sorland,72.900780,6.984637,14,100,0,4.41
novo aripuana,-5.771145,-59.165223,76.09,95,36,2.06
saint-philippe,-55.217430,65.807095,35.6,74,1,3.36
katsuura,23.022106,148.595372,73.4,49,20,11.41
srednekolymsk,70.653506,152.765061,36.76,69,8,6.64
tinskoy,56.636754,97.024764,29.92,51,48,3.74
kirra,38.408494,22.485495,43.06,100,0,2.62
rikitea,-43.476004,-110.858199,78.97,100,0,4.74
kungurtug,47.723495,97.322543,16.24,49,12,3.29
rikitea,-24.961394,-106.845706,78.97,100,0,4.74
bluff,-61.796682,165.654027,84.01,49,88,16.93
cayenne,13.675718,-44.736628,78.8,88,0,8.05
esperance,-35.360239,126.952251,75.2,88,20,6.64
madaoua,13.946110,5.602444,71.5,31,0,7.99
tsogni,-3.550202,9.701789,76.54,100,88,1.61
caucaia,4.393648,-33.003149,78.8,88,40,3.36
souillac,-58.613564,78.175750,53.6,71,0,14.99
hilo,25.395103,-142.497389,77,73,90,5.82
timberlake,37.549896,-79.404964,69.8,88,1,10.29
port keats,-14.563906,129.710055,92.38,70,0,11.01
dikson,88.890218,70.341335,0.94,83,36,17.83
cidreira,-49.761219,-30.116421,68.62,97,88,7.54
yongan,26.035180,117.483544,41.44,94,100,5.19
moranbah,-22.697404,146.508319,73.93,82,100,18.05
half moon bay,33.060633,-131.675469,60.8,66,40,19.46
oktyabrskiy,51.995056,155.270110,35.6,96,90,8.95
parabel,61.092560,82.644883,19.84,89,76,8.77
rikitea,-36.356275,-131.878499,78.97,100,0,4.74
arraial do cabo,-43.930729,-27.065555,76.36,92,24,2.51
rikitea,-62.048954,-115.460585,78.97,100,0,4.74
meulaboh,0.221562,91.992866,82.3,100,0,3.62
havre-saint-pierre,55.189457,-64.263703,15.8,56,40,5.82
saint-michel-des-saints,46.896274,-73.529805,24.34,63,88,4.52
abrau-dyurso,44.243683,37.512861,39.2,86,12,4.47
xining,34.588816,99.997975,49.99,33,0,2.51
hithadhoo,-6.680587,71.337574,84.01,100,92,5.75
yellowknife,71.208992,-111.954152,-2.21,58,20,8.05
san quintin,17.694467,-131.789827,87.8,52,20,6.93
lorengau,0.143864,146.854576,81.85,100,24,8.55
mataura,-60.643217,-160.368145,61.15,62,12,25.55
chuy,-64.513667,-20.352468,66.82,98,76,4.18
vaini,-46.472726,-175.757382,74.29,73,0,3.29
mithi,24.906859,69.777536,73.21,87,48,9.33
sao joao da barra,-27.259407,-31.016359,81.67,94,76,25.66
punta arenas,-78.745488,-92.223401,41,80,0,10.29
cabo san lucas,9.967387,-124.152966,70.69,93,0,14.58
rikitea,-69.293452,-118.697532,78.97,100,0,4.74
rockland,42.573889,-68.430592,35.6,86,1,7.31
mount hagen,-5.231571,144.679409,61.33,97,92,1.16
rikitea,-45.875316,-125.116703,78.97,100,0,4.74
rikitea,-16.305400,-124.621461,78.97,100,0,4.74
lima,-20.327523,-91.790114,57.82,90,32,2.06
vestmannaeyjar,55.946050,-21.624709,34.42,100,92,12.8
bjornevatn,69.105621,29.506220,32,84,75,17.22
bluff,-89.287859,167.089825,84.01,49,88,16.93
mar del plata,-70.707464,-22.570437,67.63,53,92,21.74
boulsa,12.787723,-0.900036,77.8,62,44,2.28
rikitea,-72.272672,-122.852868,78.97,100,0,4.74
mataura,-72.808337,-160.277318,61.15,62,12,25.55
port hedland,-22.815515,119.262400,107.6,19,0,9.17
kahului,29.109193,-151.544226,75.2,94,90,16.11
zheleznodorozhnyy,62.790912,50.854673,35.6,96,90,8.95
la palma,5.669510,-81.743601,64.12,100,92,2.17
makakilo city,4.315617,-165.996971,75.2,94,90,11.41
hermanus,-75.425709,-4.935340,60.97,98,68,5.08
geraldton,-29.426348,110.768071,-4.01,53,5,5.3
staryy nadym,65.526635,73.294724,1.12,83,12,14.25
kingman,35.816842,-113.206995,84.2,20,1,8.05
yulara,-27.225099,131.231747,86,22,0,11.41
lebu,-35.342002,-99.643628,46.12,87,8,3.18
sawtell,-31.387956,156.535936,78.8,74,64,6.93
tecpan,13.469959,-102.701777,66.2,82,40,4.7
lebu,-31.713781,-85.837025,46.12,87,8,3.18
alta floresta,-8.081138,-56.486665,71.41,98,80,2.28
hermanus,-79.926493,2.264912,60.97,98,68,5.08
tuatapere,-58.951903,156.900972,57.91,95,20,25.43
carnarvon,-33.055640,88.089081,54.31,95,68,4.29
cayenne,17.390824,-42.414790,78.8,88,0,8.05
sistranda,68.105086,7.729229,28.4,92,20,10.29
severo-kurilsk,38.780645,164.713073,31.54,97,92,17.49
nioro,14.965238,-9.560952,74.47,33,0,11.79
punta arenas,-61.195946,-84.357077,41,80,0,10.29
iquitos,-2.798815,-72.896143,75.2,94,75,8.05
klaksvik,69.291698,-4.908167,28.4,86,80,14.99
yellowknife,80.734606,-111.595681,-2.21,58,20,8.05
ust-kuyga,68.613035,136.550414,13.54,86,80,4.18
nchelenge,-9.238858,27.713458,66.01,96,92,3.62
punta arenas,-84.341892,-93.406878,41,80,0,10.29
ushuaia,-83.933239,-19.502447,41,80,75,10.29
keokuk,40.326140,-91.870945,35.6,100,90,6.93
hasaki,30.030912,155.681037,71.6,53,20,9.17
gasa,27.866922,89.909341,11.92,55,0,1.61
meulaboh,3.571762,93.630873,82.3,100,0,3.62
lompoc,28.190789,-126.993011,55.4,93,75,4.7
sobolevo,53.557226,152.276322,32.17,88,56,16.93
georgetown,-20.042700,-18.027117,75.2,94,75,4.7
holme,59.831200,4.519204,48.2,93,75,5.82
dano,10.664905,-2.743053,79.24,38,56,3.51
rikitea,-23.083205,-125.873607,78.97,100,0,4.74
souillac,-52.181567,72.126707,53.6,71,0,14.99
pevek,83.121062,170.083447,34.33,79,0,11.45
esperance,-43.421782,126.074765,75.2,88,20,6.64
cordoba,-30.971470,-64.059164,52.24,94,80,1.95
ilulissat,73.282960,-47.705204,10.4,78,0,5.82
bluff,-88.224449,164.764960,84.01,49,88,16.93
alofi,-24.533222,-166.114252,80.6,83,88,4.7
muzhi,66.003622,63.738002,-4.82,55,12,3.96
saltpond,5.270676,-0.957156,75.64,96,12,3.96
kharovsk,59.834548,40.336113,35.41,97,92,19.51
ribeira grande,33.022010,-30.311432,60.43,100,48,27.34
hudson bay,53.071139,-102.142611,7.96,72,0,4.07
la ronge,63.124563,-104.589845,5,65,5,2.24
punta arenas,-58.792875,-97.364118,41,80,0,10.29
barrow,87.846938,-147.936976,55.93,85,0,8.77
mataura,-46.075644,-143.419346,61.15,62,12,25.55
los llanos de aridane,28.083753,-23.286040,60.8,72,8,4.7
saskylakh,82.912509,114.967795,-3.38,76,0,8.1
hobart,-82.346729,149.812957,73.4,35,20,13.87
saint george,26.267531,-58.799158,42.8,87,20,5.82
lebork,54.478900,17.937949,32,100,0,3.36
katsuura,23.903294,146.033981,73.4,49,20,11.41
hermanus,-71.494679,7.050965,60.97,98,68,5.08
mar del plata,-52.457031,-48.702876,67.63,53,92,21.74
busselton,-63.533683,82.621547,75.1,82,0,11.79
clyde river,72.219828,-77.736894,10.4,85,90,18.34
castro,-42.630928,-86.743640,54.49,100,80,3.18
emba,47.554879,59.745071,55.4,81,0,6.93
bluff,-86.872787,163.202894,84.01,49,88,16.93
fortuna,33.669357,-133.956896,51.8,87,0,3.36
thompson,76.850820,-97.110491,-9.41,52,5,4.7
passos,-20.606031,-46.467019,66.37,93,64,3.06
punta arenas,-70.272366,-117.932069,41,80,0,10.29
dunedin,-57.693217,177.859078,65.38,42,0,14.14
punta arenas,-53.383388,-86.886840,41,80,0,10.29
vestmannaeyjar,59.926223,-17.674520,34.42,100,92,12.8
vaini,-57.248275,-174.213368,74.29,73,0,3.29
hasaki,27.090870,154.968062,71.6,53,20,9.17
san ramon,-12.916695,-66.062327,65.92,92,64,1.72
tocopilla,-21.932381,-76.048053,59.98,100,0,1.05
lorengau,11.628369,151.134682,81.85,100,24,8.55
oksfjord,73.033258,22.139147,26.6,84,68,1.12
naliya,23.616847,69.058944,73.39,93,8,5.3
east london,-72.206931,51.289000,68,88,0,12.75
poplar bluff,36.482402,-90.864757,50,100,90,3.4
butaritari,21.686187,178.157070,82.84,100,100,11.68
port lincoln,-41.720035,130.571751,67.63,85,0,5.75
emerald,-23.623815,147.520401,84.82,54,32,16.26
rikitea,-25.558919,-139.751755,78.97,100,0,4.74
swan hill,-33.815078,144.258747,72.04,55,0,8.21
dillon,44.751183,-113.005028,17.6,72,1,8.05
puerto ayora,-0.907744,-91.848887,76.36,100,44,5.97
ushuaia,-82.748217,-79.733849,41,80,75,10.29
punta arenas,-86.290399,-104.314496,41,80,0,10.29
victoria,-5.939212,53.281529,84.2,79,75,5.82
talnakh,76.140738,87.247867,-13.82,63,12,3.4
mataura,-82.791423,-158.043745,61.15,62,12,25.55
mehamn,82.338392,28.756708,32,92,75,21.92
guider,10.321416,13.882418,65.74,55,0,4.18
mackay,-16.616505,154.123764,23,44,20,8.05
chuy,-48.959115,-39.763698,66.82,98,76,4.18
fairbanks,76.590265,-144.779463,28.4,16,1,10.29
lezajsk,50.218567,22.583917,32,82,0,1.12
mataura,-34.355792,-144.132839,61.15,62,12,25.55
tricase,38.653527,18.669743,55.4,93,0,3.36
hobart,-52.077717,151.606478,73.4,35,20,13.87
lebu,-29.508074,-94.105089,46.12,87,8,3.18
victoria,0.992801,63.281137,84.2,79,75,5.82
ushuaia,-70.433533,-31.747881,41,80,75,10.29
nanortalik,56.071780,-40.460292,32.98,100,32,23.42
takoradi,4.708991,-1.675884,80.41,100,20,6.42
bethel,59.784332,-158.960127,33.8,69,1,17.22
mataura,-30.145804,-144.591860,61.15,62,12,25.55
ushuaia,-57.516956,-47.552586,41,80,75,10.29
jamestown,-28.895700,-3.276059,71.59,42,0,7.54
new norfolk,-86.176134,130.692954,73.4,35,20,13.87
kysyl-syr,61.239402,122.621331,9.67,48,0,10.45
jamestown,-43.174827,-16.104069,71.59,42,0,7.54
nampa,42.673207,-117.176439,39.2,41,1,5.82
provideniya,54.276889,-171.285583,30.2,100,75,4.47
vaini,-73.169297,-179.164996,74.29,73,0,3.29
grindavik,61.266551,-22.177605,30.2,92,90,13.87
hilo,18.707079,-154.795115,77,73,90,5.82
antofagasta,-24.257590,-74.636934,64.4,72,0,2.24
linhares,-19.469643,-39.252782,74.92,83,24,8.66
puerto ayora,-1.557932,-100.415631,76.36,100,44,5.97
sharqpur,31.434518,74.144696,77,69,40,11.23
faanui,-5.617557,-156.041010,82.39,100,44,11.79
torbay,45.365591,-52.642656,28.4,86,75,13.87
grindavik,51.680571,-24.477853,30.2,92,90,13.87
vaini,-78.480761,-174.367115,74.29,73,0,3.29
perth,-31.365602,114.615020,37.4,93,90,13.87
san quintin,24.898611,-120.894833,87.8,52,20,6.93
rikitea,-35.402767,-136.413428,78.97,100,0,4.74
rikitea,-48.682004,-138.130335,78.97,100,0,4.74
arraial do cabo,-49.149009,-25.527591,76.36,92,24,2.51
bambous virieux,-23.524892,66.956070,77,100,75,1.12
chokurdakh,70.813301,150.448431,23.53,92,8,13.47
rikitea,-46.644825,-119.549126,78.97,100,0,4.74
leshukonskoye,68.434019,47.134341,34.51,91,92,10.78
hilo,2.586567,-158.129255,77,73,90,5.82
hobart,-54.383044,147.585211,73.4,35,20,13.87
ola,58.595141,151.308089,30.2,68,75,15.66
komsomolskiy,66.211905,174.228997,-12.74,40,0,3.06
ushuaia,-72.587397,-36.251619,41,80,75,10.29
east london,-83.433097,56.602441,68,88,0,12.75
ponta do sol,23.655524,-34.357911,65.65,94,68,2.84
loandjili,-4.852629,12.037114,75.2,94,40,2.24
mar del plata,-49.464883,-42.796903,67.63,53,92,21.74
arraial do cabo,-48.227012,-21.003004,76.36,92,24,2.51
sierpc,52.911441,19.674806,29.29,86,8,3.74
kapaa,21.991969,-174.699203,77,73,90,11.41
pevek,85.035931,170.032562,34.33,79,0,11.45
pevek,74.511890,167.120448,34.33,79,0,11.45
truth or consequences,33.038855,-107.530381,64.4,10,1,8.05
mataura,-32.795383,-147.828350,61.15,62,12,25.55
nishihara,21.105830,131.336719,73.4,46,1,6.93
vaini,-43.853244,-174.417702,74.29,73,0,3.29
castro,-48.360747,-107.038918,54.49,100,80,3.18
husavik,77.600421,-8.001365,0.31,73,0,8.21
cherskiy,89.411766,159.920253,34.33,77,0,6.76
bredasdorp,-44.072908,19.371901,55.4,93,68,1.12
dawei,13.371847,97.983559,86.53,66,0,1.16
cape town,-46.146697,-4.012084,64.4,82,0,11.41
mataura,-48.047944,-144.706805,61.15,62,12,25.55
cape town,-67.809898,-11.108557,64.4,82,0,11.41
carnarvon,-21.896759,107.906814,54.31,95,68,4.29
timbiqui,2.560853,-77.536625,74.47,99,88,3.18
gat,24.195860,6.433569,62.6,93,0,2.24
tuktoyaktuk,76.494119,-135.984578,-0.41,77,90,10.29
albany,-85.979009,104.332315,35.6,64,75,4.7
aberdeen,45.239843,-97.912604,21.2,92,90,20.8
busselton,-47.640050,108.534510,75.1,82,0,11.79
bredasdorp,-56.531765,24.191377,55.4,93,68,1.12
piacabucu,-13.040888,-34.594813,74.92,95,68,3.62
codrington,18.064375,-59.804296,66.64,100,80,3.74
clyde river,69.893098,-71.895131,10.4,85,90,18.34
mahibadhoo,4.006688,71.121666,84.91,100,80,4.18
punta arenas,-63.321867,-106.434869,41,80,0,10.29
butaritari,20.859944,164.583012,82.84,100,100,11.68
gobabis,-23.158223,18.690900,62.6,82,56,1.12
avarua,-64.670553,-164.876960,80.6,83,75,6.93
tateyama,22.581308,144.131475,77,33,40,17.22
ushuaia,-66.504511,-33.921911,41,80,75,10.29
constitucion,16.732013,-120.214471,69.8,14,5,11.41
mataura,-77.450458,-151.032812,61.15,62,12,25.55
avila,40.416771,-4.657906,46.4,70,90,3.36
cape town,-77.892847,-8.961829,64.4,82,0,11.41
rikitea,-27.915005,-136.098212,78.97,100,0,4.74
cabo san lucas,10.898185,-116.178885,70.69,93,0,14.58
parabel,60.670370,82.548564,19.84,89,76,8.77
khatanga,79.762691,98.864101,-6.17,87,48,4.63
kasongo-lunda,-7.306865,16.879816,67.54,99,88,2.51
sindhnur,15.931331,76.776041,83.92,53,0,7.09
idil,36.984855,42.015676,60.8,44,0,13.87
mataura,-61.536483,-151.075884,61.15,62,12,25.55
chuguyevka,44.571088,134.073114,40.27,54,92,8.77
seymchan,64.224754,151.669835,32.26,89,88,7.43
kodiak,53.556535,-144.228521,33.8,100,90,4.7
ushuaia,-88.956650,-58.074873,41,80,75,10.29
huangnihe,44.100174,128.526434,35.41,40,80,7.99
taywarah,32.865499,64.377900,42.43,60,0,2.62
weihe,44.288557,128.515779,69.52,49,0,1.39
butaritari,5.624110,167.549105,82.84,100,100,11.68
punta arenas,-64.474019,-102.036732,41,80,0,10.29
port-gentil,-0.173752,2.874405,79.96,100,100,4.18
avarua,-43.658933,-167.379609,80.6,83,75,6.93
port alfred,-86.914673,51.056943,70.42,94,80,13.47
saint-joseph,-28.309472,54.152713,55.4,62,92,5.82
safford,33.027634,-109.381750,69.8,10,1,8.05
busselton,-65.792933,86.959971,75.1,82,0,11.79
hobart,-69.107164,138.052604,73.4,35,20,13.87
buala,-4.255317,161.475506,82.84,95,88,3.74
jamestown,-26.668303,-14.734541,71.59,42,0,7.54
hobart,-79.361208,145.303494,73.4,35,20,13.87
egvekinot,58.990928,-179.170516,36.4,92,0,3.18
new norfolk,-80.224516,122.155467,73.4,35,20,13.87
ushuaia,-80.139484,-42.513013,41,80,75,10.29
port alfred,-65.159242,37.312980,70.42,94,80,13.47
provideniya,64.478509,-172.372983,30.2,100,75,4.47
castro,-48.381850,-99.564649,54.49,100,80,3.18
albany,-62.394264,112.823119,35.6,64,75,4.7
puerto baquerizo moreno,2.773637,-88.613038,76.9,100,12,7.2
havelock,30.761330,-73.476711,55.4,87,90,10.29
ballina,-29.599364,155.177499,39.91,100,92,4.63
batagay-alyta,67.969628,129.214668,16.69,84,56,4.07
tiksi,84.511924,131.470408,13.09,89,24,5.97
naze,26.030719,132.573818,75.2,94,32,5.19
tasiilaq,73.021332,-41.535787,19.4,85,64,16.11
alofi,-18.481616,-165.448651,80.6,83,88,4.7
rikitea,-76.258051,-132.024360,78.97,100,0,4.74
rudnogorsk,57.317069,103.436029,25.42,61,64,6.2
bagdarin,53.701480,112.419912,14.89,29,20,6.64
aykhal,65.413777,112.088347,8.05,70,8,6.87
albany,-62.673856,107.068421,35.6,64,75,4.7
marrakesh,30.584726,-7.334430,53.6,71,0,2.24
san lawrenz,36.083814,13.360356,50,93,20,4.7
cidreira,-49.797063,-27.210267,68.62,97,88,7.54
broken hill,-30.371501,143.613133,76.27,38,0,15.37
ushuaia,-86.181498,-34.408471,41,80,75,10.29
carnarvon,-26.049320,104.587624,54.31,95,68,4.29
margate,-38.068988,37.698368,73.4,35,20,13.87
juneau,59.835969,-130.213140,35.6,37,90,3.29
chulym,55.065147,81.337169,24.34,95,64,12.01
busselton,-38.914584,112.685946,75.1,82,0,11.79
kahului,37.519041,-148.212770,75.2,94,90,16.11
yeppoon,-21.673647,151.071694,84.2,51,75,14.99
ushuaia,-87.337889,-27.136352,41,80,75,10.29
san patricio,8.000474,-111.480678,67.27,92,80,2.39
east london,-65.023203,50.101263,68,88,0,12.75
flinders,-32.376790,129.493001,69.8,68,75,8.05
ushuaia,-82.801742,-84.145206,41,80,75,10.29
butaritari,10.684489,172.370477,82.84,100,100,11.68
jawhar,19.815426,73.394460,78.34,62,0,3.85
ushuaia,-81.718100,-65.015012,41,80,75,10.29
khatanga,73.924968,107.041572,-6.17,87,48,4.63
cabo rojo,16.094418,-68.173340,74.92,100,64,5.19
saldanha,-42.099922,-0.573117,47.83,95,92,14.36
bambous virieux,-30.359402,80.845183,77,100,75,1.12
luganville,-16.313807,164.934736,79.24,100,100,6.87
hobart,-83.076892,147.282907,73.4,35,20,13.87
stephenville crossing,48.835687,-58.311161,28.4,68,75,8.05
egvekinot,67.589209,-179.116670,36.4,92,0,3.18
laguna,-31.518085,-44.948388,66.2,39,5,5.82
port elizabeth,-63.394442,28.739561,42.8,86,1,3.36
hilo,22.679932,-147.698679,77,73,90,5.82
along,33.049412,95.452795,69.43,54,24,1.95
rawson,-47.414378,-61.194201,63.22,35,0,7.43
ushuaia,-84.434400,-54.976007,41,80,75,10.29
castro,-49.734923,-100.358940,54.49,100,80,3.18
nome,67.826208,-163.252496,71.6,88,90,8.05
bluff,-77.563774,161.129136,84.01,49,88,16.93
rikitea,-43.941354,-108.151101,78.97,100,0,4.74
pevek,75.455139,171.464211,34.33,79,0,11.45
katsuura,20.991702,145.563688,73.4,49,20,11.41
egvekinot,66.722850,-177.380166,36.4,92,0,3.18
guerrero negro,25.616877,-118.619850,57.46,93,0,8.77
puerto ayora,-5.354865,-98.982961,76.36,100,44,5.97
luderitz,-33.031329,2.258398,62.6,82,80,2.24
babynino,54.518737,35.503958,32.44,97,56,11.01
cape town,-54.787942,-7.034183,64.4,82,0,11.41
constitucion,22.061742,-116.051658,69.8,14,5,11.41
qaanaaq,86.842320,-81.189734,-5.36,82,0,8.66
shinpokh,34.585421,70.950461,75.2,50,20,4.7
hermanus,-77.895188,7.031141,60.97,98,68,5.08
hermanus,-87.534563,10.082493,60.97,98,68,5.08
butaritari,6.091758,166.215331,82.84,100,100,11.68
hasaki,26.671389,154.643942,71.6,53,20,9.17
mmabatho,-26.378442,25.231520,59,93,0,4.7
rivadavia,-33.204188,-67.876258,54.58,86,0,3.18
butaritari,6.626732,164.772916,82.84,100,100,11.68
san jose,9.881776,-91.730720,75.91,97,80,2.73
mityana,0.403368,31.795202,68,94,20,6.93
punta arenas,-65.872819,-82.477769,41,80,0,10.29
shingu,29.030132,136.273950,68,64,20,6.93
barentu,15.533830,38.112096,53.95,90,0,2.62
kawalu,-16.138659,105.887717,77.71,81,36,2.84
vardo,80.179528,33.240564,44.6,75,90,4.7
paamiut,58.926326,-49.396244,33.97,84,92,6.53
waipawa,-44.169976,179.140211,72.76,49,36,14.81
carnarvon,-21.274732,104.593343,54.31,95,68,4.29
ushuaia,-78.734213,-23.584274,41,80,75,10.29
palmerston north,-40.364884,175.516554,69.25,63,68,15.48
ushuaia,-52.651089,-61.703172,41,80,75,10.29
albany,-68.586102,122.441921,35.6,64,75,4.7
punta arenas,-80.881292,-109.107484,41,80,0,10.29
ponta do sol,22.259467,-25.977428,65.65,94,68,2.84
nikolskoye,44.386106,178.745673,32,99,90,8.95
saint-francois,22.578674,-47.681961,51.8,40,0,10.29
saint-augustin,51.693767,-57.405134,51.8,93,68,9.17
salalah,19.356652,50.634595,78.8,83,75,1.12
ust-kuyga,70.016883,136.046692,13.54,86,80,4.18
tateyama,26.789470,142.604306,77,33,40,17.22
kodiak,46.234160,-146.470168,33.8,100,90,4.7
olinda,-10.708685,-25.878994,78.8,83,75,6.93
mackay,-17.125286,155.170269,23,44,20,8.05
makakilo city,7.966627,-165.276197,75.2,94,90,11.41
victoria,-10.174652,55.742013,84.2,79,75,5.82
upernavik,82.362923,-52.878473,12.37,87,0,11.01
ushuaia,-83.997279,-71.685436,41,80,75,10.29
busselton,-38.595117,88.004019,75.1,82,0,11.79
saldanha,-34.662999,15.553234,47.83,95,92,14.36
albany,-88.618249,99.917309,35.6,64,75,4.7
kozhva,65.336369,55.612049,17.86,73,64,9.78
chancay,-12.141273,-78.458449,66.01,86,44,4.41
luganville,-14.625854,166.835409,79.24,100,100,6.87
shuyskoye,59.651652,41.280737,36.76,100,92,19.84
dzhebariki-khaya,62.087838,136.743289,33.52,52,80,4.29
rio de janeiro,-24.141847,-43.394084,77,88,75,2.24
kapaa,11.165457,-172.166237,77,73,90,11.41
zhangjiakou,42.075549,115.106634,30.91,99,92,6.2
panama city,26.814794,-86.422738,68,100,1,5.82
grindavik,55.435153,-26.759477,30.2,92,90,13.87
rikitea,-45.285763,-136.876329,78.97,100,0,4.74
yellowknife,87.783758,-108.326749,-2.21,58,20,8.05
castro,-43.941862,-105.638299,54.49,100,80,3.18
kitakami,39.212377,141.043550,55.4,76,75,4.7
srednekolymsk,70.206617,154.116943,36.76,69,8,6.64
margate,-44.528473,43.917308,73.4,35,20,13.87
panguna,-6.777589,153.173675,82.21,90,44,1.16
arraial do cabo,-25.431915,-42.114678,76.36,92,24,2.51
butaritari,11.651510,166.491782,82.84,100,100,11.68
atasu,47.967579,71.038842,21.82,91,44,9.33
albany,-77.839528,117.984738,35.6,64,75,4.7
punta arenas,-72.280966,-96.855498,41,80,0,10.29
busselton,-52.990905,91.075319,75.1,82,0,11.79
pevek,76.657438,172.940078,34.33,79,0,11.45
lubao,-5.073424,26.225757,89.6,69,90,6.93
hohhot,40.961414,111.500792,32,77,75,15.66
ust-tsilma,64.949662,51.631720,27.76,79,88,12.12
ushuaia,-84.096964,-32.036431,41,80,75,10.29
faanui,-8.677938,-159.847836,82.39,100,44,11.79
makubetsu,45.189091,141.762439,41,86,75,2.24
okha,55.295995,142.839749,30.46,89,0,19.06
rikitea,-34.879542,-135.778722,78.97,100,0,4.74
ushuaia,-67.690179,-31.580698,41,80,75,10.29
punta arenas,-82.531555,-87.642632,41,80,0,10.29
port alfred,-37.793940,28.004279,70.42,94,80,13.47
verkhnyaya toyma,62.683490,45.310854,35.95,96,92,13.24
cabo san lucas,14.135278,-115.742039,70.69,93,0,14.58
marquette,47.234730,-86.372732,24.8,79,90,9.17
butaritari,8.997523,162.798269,82.84,100,100,11.68
qaqortoq,61.016496,-46.221898,35.6,40,80,5.82
wlodawa,51.525705,23.689554,28.4,92,0,4.47
hilo,17.269444,-138.084201,77,73,90,5.82
nikolskoye,56.793850,173.522569,32,99,90,8.95
inhambane,-21.733453,38.392184,68,94,20,4.63
hermanus,-71.625686,-3.196213,60.97,98,68,5.08
hermosillo,28.600463,-110.747851,78.8,15,5,8.05
quatre cocos,-16.784182,72.150565,77,100,75,1.12
zhigansk,67.896619,120.601871,13.54,64,88,8.77
hithadhoo,-6.397268,72.959526,84.01,100,92,5.75
batagay,65.288586,135.194876,31.81,68,76,4.97
khvorostyanka,52.810387,48.886094,31.72,89,20,15.03
cherskiy,79.643479,159.116677,34.33,77,0,6.76
taoudenni,21.143372,-3.361579,71.77,40,0,9.22
taoudenni,21.080905,-5.775657,71.77,40,0,9.22
punta arenas,-53.274527,-71.526142,41,80,0,10.29
mataura,-77.501344,-158.790946,61.15,62,12,25.55
hobyo,6.783264,48.049440,79.06,91,56,6.64
along,30.420607,94.634235,69.43,54,24,1.95
saint-philippe,-46.016482,65.817614,35.6,74,1,3.36
bredasdorp,-54.113537,21.715107,55.4,93,68,1.12
kaffrine,13.920316,-15.356998,66.2,77,0,11.41
mataura,-51.414932,-150.530087,61.15,62,12,25.55
bredasdorp,-81.156892,16.990702,55.4,93,68,1.12
kapaa,20.624218,-173.966607,77,73,90,11.41
mandera,3.871019,41.911515,68.98,98,92,7.76
albany,-49.945303,113.173655,35.6,64,75,4.7
cabadiangan,13.150208,125.355111,86,62,40,8.05
pabrade,55.002906,25.728475,28.4,92,75,8.05
camacha,40.020621,-16.828647,60.8,82,40,10.29
vestmanna,70.845566,-8.698930,28.4,86,88,14.99
atuona,4.112537,-148.231715,81.85,100,0,15.7
thompson,69.815003,-100.333329,-9.41,52,5,4.7
new norfolk,-56.967143,133.934239,73.4,35,20,13.87
punta arenas,-69.605345,-107.489010,41,80,0,10.29
rikitea,-78.963020,-130.998569,78.97,100,0,4.74
saint-prosper,46.053931,-69.600500,18.22,78,0,3.18
albany,-66.519546,122.132473,35.6,64,75,4.7
sitka,41.324671,-142.750141,67.9,30,0,18.16
kavieng,10.262348,152.149727,83.65,100,32,7.76
tilichiki,60.701499,168.576098,35.14,94,92,11.68
norman wells,62.046169,-126.693947,6.8,60,40,6.93
rikitea,-71.063484,-140.501630,78.97,100,0,4.74
chokurdakh,80.145767,143.364303,23.53,92,8,13.47
jamestown,-15.204524,-11.665381,71.59,42,0,7.54
kununurra,-17.227926,127.762053,100.4,16,0,14.99
hithadhoo,-11.285687,79.258803,84.01,100,92,5.75
beyneu,45.814493,56.333954,38.92,68,0,16.49
inta,66.918108,59.686896,2.74,57,20,2.39
albany,-78.202364,100.336585,35.6,64,75,4.7
port elizabeth,-66.177313,28.977224,42.8,86,1,3.36
bluff,-82.706413,155.567736,84.01,49,88,16.93
sola,-12.884652,174.137846,28.4,92,90,8.05
adrar,28.745341,-3.139268,64.4,63,40,11.41
kaitangata,-60.711161,174.999310,60.88,59,8,26.33
torbay,41.264306,-51.164190,28.4,86,75,13.87
san patricio,8.608280,-113.672727,67.27,92,80,2.39
esperance,-30.681221,125.156977,75.2,88,20,6.64
jamestown,-35.233020,-2.671423,71.59,42,0,7.54
saint george,26.496964,-55.680585,42.8,87,20,5.82
broome,-14.268227,123.951607,50,93,92,11.41
mata,21.344312,111.170548,69.8,88,20,6.93
puerto ayora,-1.261945,-98.482554,76.36,100,44,5.97
santiago del estero,-28.240506,-64.789697,67,91,32,3.06
rikitea,-45.452921,-134.931501,78.97,100,0,4.74
punta arenas,-68.106140,-91.857910,41,80,0,10.29
port alfred,-45.043940,33.921832,70.42,94,80,13.47
vaini,-59.459239,-177.982622,74.29,73,0,3.29
katsuura,19.848395,145.901749,73.4,49,20,11.41
hobart,-42.890262,156.323900,73.4,35,20,13.87
atuona,-6.610872,-125.798907,81.85,100,0,15.7
ilulissat,77.418520,-43.820324,10.4,78,0,5.82
nanortalik,54.362696,-47.463412,32.98,100,32,23.42
hay river,59.510697,-115.233058,-4.01,70,40,4.97
syamzha,59.761885,40.725850,35.95,100,92,20.96
nikolskoye,46.134665,174.737272,32,99,90,8.95
busselton,-70.855118,95.423684,75.1,82,0,11.79
saint-leu,-23.199663,53.525408,78.8,69,0,5.82
ushuaia,-85.184497,-44.561773,41,80,75,10.29
vao,-23.692426,172.053653,30.55,89,80,14.36
half moon bay,37.320817,-122.791591,60.8,66,40,19.46
ostersund,64.275184,15.683555,17.6,85,0,6.93
fairbanks,75.921777,-144.439887,28.4,16,1,10.29
tuktoyaktuk,71.375667,-131.158223,-0.41,77,90,10.29
cap-aux-meules,49.014457,-61.733417,28.21,100,48,10.45
jamestown,-26.321808,1.460380,71.59,42,0,7.54
mapimi,26.133079,-104.305718,69.79,17,76,2.51
vaini,-57.238630,-169.562236,74.29,73,0,3.29
bredasdorp,-74.394213,21.844061,55.4,93,68,1.12
plettenberg bay,-37.300177,24.090320,65.92,94,80,4.18
seoul,37.881962,126.547421,73.4,56,75,8.05
avarua,-29.021411,-166.435143,80.6,83,75,6.93
tasiilaq,57.981499,-31.618122,19.4,85,64,16.11
la palma,6.419908,-81.633780,64.12,100,92,2.17
bandarbeyla,5.442440,61.033236,80.23,100,68,6.2
messina,-22.356297,30.489262,55.4,82,0,6.93
petropavlovsk-kamchatskiy,50.647789,160.783176,30.2,63,24,13.42
hermanus,-86.600601,4.612479,60.97,98,68,5.08
port alfred,-75.650691,46.703962,70.42,94,80,13.47
seydi,39.175907,62.410303,67.36,61,0,2.95
knittelfeld,47.272177,14.850348,41,82,8,3.36
busselton,-63.747702,78.484683,75.1,82,0,11.79
praia da vitoria,50.337791,-22.749757,57.2,71,75,32.48
yokadouma,3.304289,14.189520,69.97,99,56,1.83
kutum,15.523048,24.223994,52.06,26,0,7.31
barrow,81.118045,-147.945984,55.93,85,0,8.77
mataura,-82.057298,-148.104805,61.15,62,12,25.55
mar del plata,-55.161064,-45.509771,67.63,53,92,21.74
palmer,59.780258,-143.793698,69.8,49,0,16.11
tura,68.460239,95.748893,77.62,82,0,3.18
port lincoln,-37.621997,135.791107,67.63,85,0,5.75
vaini,-48.422730,-169.254653,74.29,73,0,3.29
punta arenas,-83.878117,-108.437870,41,80,0,10.29
khatanga,77.327913,99.370026,-6.17,87,48,4.63
sinnamary,6.899572,-52.008285,79.06,100,88,8.99
mackay,-19.546989,152.200569,23,44,20,8.05
castro,-43.637274,-87.605567,54.49,100,80,3.18
puerto ayora,-8.507360,-112.157692,76.36,100,44,5.97
kapaa,8.050810,-168.603815,77,73,90,11.41
rikitea,-25.595726,-111.524294,78.97,100,0,4.74
vaini,-75.480531,-178.266425,74.29,73,0,3.29
kapaa,14.458937,-179.279130,77,73,90,11.41
bambanglipuro,-15.575780,109.662596,84.46,84,24,4.29
barrow,87.525591,-148.353544,55.93,85,0,8.77
saint-philippe,-62.414722,74.608783,35.6,74,1,3.36
mataura,-74.544358,-159.738781,61.15,62,12,25.55
saint-philippe,-68.994410,72.170403,35.6,74,1,3.36
suozhen,36.983128,118.000584,52.6,57,80,25.1
albany,-65.235463,117.476001,35.6,64,75,4.7
ushuaia,-73.563933,-78.488666,41,80,75,10.29
kapiri mposhi,-14.438786,29.250735,63.22,97,80,8.21
omsukchan,61.532540,157.117312,29.92,86,88,13.24
bambous virieux,-29.994090,69.095704,77,100,75,1.12
sola,-11.113051,170.777575,28.4,92,90,8.05
georgetown,-1.450809,-14.640748,75.2,94,75,4.7
bandarbeyla,7.092960,54.709166,80.23,100,68,6.2
isangel,-19.974492,170.865222,80.32,100,36,14.81
sorland,68.641007,9.194194,14,100,0,4.41
ushuaia,-61.130832,-57.548111,41,80,75,10.29
albany,-72.075065,114.237056,35.6,64,75,4.7
poum,-18.485056,164.396774,27.76,91,0,0.72
bafoulabe,14.444072,-10.265138,77.17,63,80,3.18
tura,63.772765,99.516073,77.62,82,0,3.18
margate,-33.718369,34.292367,73.4,35,20,13.87
visby,57.083504,17.561445,24.8,85,0,2.24
saint-philippe,-43.169786,60.983969,35.6,74,1,3.36
iglesias,39.421280,7.533194,46.4,87,92,18.34
kodiak,49.396874,-159.220857,33.8,100,90,4.7
kapaa,19.367588,-174.735428,77,73,90,11.41
kapaa,28.577807,-172.033756,77,73,90,11.41
santona,44.924010,-3.057994,64.4,48,0,19.46
hermanus,-75.648436,7.462513,60.97,98,68,5.08
albany,-65.501315,105.671650,35.6,64,75,4.7
saint-philippe,-38.171570,64.227968,35.6,74,1,3.36
new norfolk,-68.402586,133.185846,73.4,35,20,13.87
narsaq,81.659029,-63.995238,35.6,40,20,5.82
muyezerskiy,64.127395,32.512692,32.26,100,92,1.05
rudnogorsk,58.394284,104.015255,25.42,61,64,6.2
ribeira grande,37.222363,-29.723525,60.43,100,48,27.34
ahipara,-31.174051,168.597986,71.86,71,8,7.54
scalea,39.873554,15.384106,54.76,98,0,4.74
port elizabeth,-71.396278,33.008637,42.8,86,1,3.36
butaritari,20.559734,161.860165,82.84,100,100,11.68
boende,-0.910906,20.172802,73.12,97,8,3.18
lavrentiya,67.462473,-169.730013,29.92,100,0,2.06
vaini,-61.080810,-171.130270,74.29,73,0,3.29
sorland,68.845283,12.388159,14,100,0,4.41
ribeira grande,41.437826,-40.386975,60.43,100,48,27.34
pozo colorado,-22.658338,-59.091902,67.63,91,0,2.84
vaini,-77.923409,-170.901296,74.29,73,0,3.29
nikolskoye,46.910012,170.195046,32,99,90,8.95
ugoofaaru,4.978902,61.983395,85.54,97,76,3.74
albany,-39.904238,117.491805,35.6,64,75,4.7
fort nelson,59.208775,-120.288748,23,53,90,9.17
sosva,59.364565,61.597256,23.8,76,76,5.64
vaini,-65.769391,-172.721364,74.29,73,0,3.29
bambous virieux,-30.374130,76.608667,77,100,75,1.12
northam,-30.718106,118.903050,48.2,93,44,5.82
chokurdakh,72.129304,147.872091,23.53,92,8,13.47
iqaluit,64.368116,-77.838006,17.6,85,90,23.04
sumenep,-5.655049,113.610944,85.63,98,8,5.3
kapaa,37.508556,-179.111123,77,73,90,11.41
rio cuarto,-32.857962,-64.662492,59,87,0,5.82
lebu,-35.238932,-80.908740,46.12,87,8,3.18
punta arenas,-61.567903,-79.097169,41,80,0,10.29
yeniseysk,58.765328,92.456992,25.06,84,76,6.42
jamestown,-27.166811,-9.322584,71.59,42,0,7.54
port alfred,-77.978599,48.970964,70.42,94,80,13.47
hilo,20.673721,-139.991371,77,73,90,5.82
albany,-61.396239,118.702274,35.6,64,75,4.7
atuona,2.918051,-123.893276,81.85,100,0,15.7
luanda,-9.788656,5.753573,80.6,78,75,4.7
paamiut,56.685397,-52.610026,33.97,84,92,6.53
punta arenas,-66.210431,-110.582158,41,80,0,10.29
mataura,-63.534312,-161.976530,61.15,62,12,25.55
arraial do cabo,-36.658096,-23.490604,76.36,92,24,2.51
dublin,32.737781,-82.900652,42.8,100,75,5.82
jamestown,-28.233589,-2.513608,71.59,42,0,7.54
mataura,-72.862201,-159.537463,61.15,62,12,25.55
port lincoln,-49.873771,128.970606,67.63,85,0,5.75
hermanus,-86.771364,12.044289,60.97,98,68,5.08
upernavik,82.295129,-52.733009,12.37,87,0,11.01
rikitea,-51.759259,-114.493128,78.97,100,0,4.74
isla mujeres,24.005435,-87.289984,77,78,40,6.93
lebu,-32.803482,-85.328335,46.12,87,8,3.18
yerbogachen,62.830513,106.179440,20.11,60,56,5.86
hermanus,-53.882058,7.003954,60.97,98,68,5.08
kenora,50.075890,-94.578641,8.6,46,1,6.93
new norfolk,-72.832388,129.370587,73.4,35,20,13.87
cochrane,49.123522,-81.486751,37.84,94,0,2.06
eureka,41.469944,-128.645408,50,66,1,4.7
barrow,71.208242,-155.726649,55.93,85,0,8.77
georgetown,-2.212870,-15.724726,75.2,94,75,4.7
castro,-52.948385,-99.390287,54.49,100,80,3.18
bluff,-71.580125,169.808426,84.01,49,88,16.93
mahebourg,-34.212460,72.180033,77,100,75,1.12
severo-kurilsk,47.192738,154.729176,31.54,97,92,17.49
vysokogornyy,49.594360,139.027797,20.47,51,68,12.57
djambala,-2.686852,13.831120,69.34,98,76,7.76
fare,-13.429082,-149.816620,82.3,99,80,11.01
punta arenas,-61.143237,-109.694131,41,80,0,10.29
busselton,-47.975225,85.575678,75.1,82,0,11.79
mamakan,57.379166,114.004111,16.96,46,44,4.41
kruisfontein,-50.695646,24.938588,68.53,93,100,7.2
cape town,-44.910812,-1.011181,64.4,82,0,11.41
airai,19.024852,147.564297,84.19,61,0,1.72
vaini,-63.435478,-168.968730,74.29,73,0,3.29
cape town,-58.210749,-6.016792,64.4,82,0,11.41
torbay,45.816159,-44.673011,28.4,86,75,13.87
gushi,32.356713,115.560200,78.79,84,0,2.95
le pradet,42.731153,6.099446,55.4,58,0,12.75
souillac,-23.002773,58.426338,53.6,71,0,14.99
talnakh,75.072487,92.970894,-13.82,63,12,3.4
markova,58.812175,106.116397,32,51,0,11.18
puerto ayora,-0.081647,-96.755701,76.36,100,44,5.97
zhezkazgan,48.262870,69.631989,28.4,79,40,22.37
constitucion,14.187460,-124.090655,69.8,14,5,11.41
qaqortoq,57.874103,-48.592035,35.6,40,80,5.82
rauma,61.342672,21.423786,26.6,73,0,6.93
dikson,74.462006,75.494598,0.94,83,36,17.83
waddan,26.126773,18.181771,47.29,81,8,4.74
puerto ayora,-11.617081,-104.685018,76.36,100,44,5.97
vaini,-79.182941,-170.306268,74.29,73,0,3.29
dioknisi,41.437051,42.400286,46.4,93,90,3.36
guerrero negro,22.131140,-123.843076,57.46,93,0,8.77
chuy,-56.953625,-25.703307,66.82,98,76,4.18
ushuaia,-62.053479,-68.516416,41,80,75,10.29
shitanjing,39.051190,104.614276,49.36,57,36,2.73
khatanga,73.731899,96.040036,-6.17,87,48,4.63
sinnamary,5.506402,-52.794294,79.06,100,88,8.99
port blair,12.025457,92.481760,83.92,100,0,8.32
butaritari,17.415795,175.773354,82.84,100,100,11.68
hudiksvall,61.688816,16.768106,25.42,100,0,10
salinopolis,3.341950,-46.868061,79.69,100,64,8.21
beloha,-34.181902,41.318268,74.38,88,44,13.69
miyako,40.420554,142.603766,75.2,50,75,9.17
yellowknife,71.764632,-111.730251,-2.21,58,20,8.05
santiago de cao,-10.524731,-82.751824,66.2,93,75,5.82
kapaa,27.822189,-178.855298,77,73,90,11.41
busselton,-81.350625,76.282647,75.1,82,0,11.79
arraial do cabo,-57.449586,-17.987875,76.36,92,24,2.51
vaini,-52.075763,-179.000552,74.29,73,0,3.29
ushuaia,-62.457681,-50.861973,41,80,75,10.29
san patricio,15.543357,-109.532513,67.27,92,80,2.39
port alfred,-77.134620,51.523200,70.42,94,80,13.47
saskylakh,87.124088,116.289700,-3.38,76,0,8.1
lethem,5.408474,-61.281241,81.22,68,44,13.69
chabahar,25.542671,60.990809,76.36,99,0,4.63
lompoc,21.954813,-129.539987,55.4,93,75,4.7
leh,33.470490,80.189128,8.14,89,88,0.94
ushuaia,-63.748232,-42.247417,41,80,75,10.29
bridlington,55.647602,2.239554,48.2,93,48,8.05
maceio,-13.272610,-30.595801,73.4,100,20,3.36
bodden town,18.479311,-81.207298,77,88,20,5.82
henties bay,-21.419459,10.264053,68.98,92,92,10.67
klaksvik,74.860161,-6.660891,28.4,86,80,14.99
vao,-26.478497,172.008629,30.55,89,80,14.36
provideniya,55.075148,-179.208112,30.2,100,75,4.47
rikitea,-48.778670,-137.085590,78.97,100,0,4.74
upernavik,89.853843,-54.817179,12.37,87,0,11.01
bilibino,68.387738,164.615877,37.93,76,8,5.41
ushuaia,-72.950144,-38.403473,41,80,75,10.29
mayo,65.832360,-135.910544,15.8,33,40,14.99
bluff,-77.647013,162.424487,84.01,49,88,16.93
bluff,-69.234502,157.641440,84.01,49,88,16.93
saskylakh,85.208313,109.188230,-3.38,76,0,8.1
tiksi,81.275067,130.468502,13.09,89,24,5.97
nushki,29.247129,65.747488,65.02,45,0,6.42
thompson,57.736928,-91.846844,-9.41,52,5,4.7
busselton,-71.988436,77.898040,75.1,82,0,11.79
cape town,-49.909007,-2.109652,64.4,82,0,11.41
albany,-69.993711,110.578539,35.6,64,75,4.7
mahebourg,-42.330869,77.569454,77,100,75,1.12
grootfontein,-20.405689,18.323889,53.59,62,20,7.87
mataura,-50.445843,-157.627055,61.15,62,12,25.55
kaka,38.138536,59.753843,37.93,86,0,2.51
sao felix do xingu,-6.967606,-53.888219,74.74,97,68,0.6
bluff,-73.695040,171.940919,84.01,49,88,16.93
saldanha,-39.541098,-0.490983,47.83,95,92,14.36
rikitea,-75.565316,-122.893891,78.97,100,0,4.74
esperance,-41.240519,122.691273,75.2,88,20,6.64
souillac,-48.851488,71.395858,53.6,71,0,14.99
carnarvon,-30.287038,87.195690,54.31,95,68,4.29
east london,-64.560792,51.100373,68,88,0,12.75
upernavik,85.918578,-45.318497,12.37,87,0,11.01
atuona,-2.776854,-123.527147,81.85,100,0,15.7
tabas,32.880632,56.770584,49.27,68,24,2.95
norman wells,66.522514,-127.792198,6.8,60,40,6.93
florianopolis,-27.515174,-46.518780,73.4,88,20,3.36
jamestown,-24.750598,-12.543508,71.59,42,0,7.54
ostrovnoy,74.448385,39.620350,25.69,94,92,19.51
fowa,30.649021,30.271004,78.34,79,8,6.42
luderitz,-31.733887,8.109729,62.6,82,80,2.24
bluff,-59.579296,163.704078,84.01,49,88,16.93
pangnirtung,66.413664,-61.359010,29.29,74,20,18.28
constitucion,17.969761,-120.688035,69.8,14,5,11.41
vaini,-75.786270,-173.871953,74.29,73,0,3.29
kalaikunda,22.102271,87.103734,80.77,68,0,2.73
cidreira,-39.444728,-40.058430,68.62,97,88,7.54
valdivia,-39.272858,-74.323239,50,100,0,2.24
avarua,-50.959555,-165.514690,80.6,83,75,6.93
honningsvag,77.238841,25.843830,32,99,75,21.92
castro,-46.610818,-87.008422,54.49,100,80,3.18
saint-philippe,-42.198007,59.629300,35.6,74,1,3.36
molochnoye,58.833562,39.518917,39.28,90,0,4.97
iqaluit,63.949955,-76.150505,17.6,85,90,23.04
kurumkan,54.663327,111.379808,13.18,67,56,2.62
maple creek,49.490483,-109.432539,16.42,69,68,3.96
marsh harbour,28.808804,-72.473166,72.76,100,56,14.58
albany,-75.837184,101.611142,35.6,64,75,4.7
albany,-43.071692,114.583209,35.6,64,75,4.7
grindavik,57.462015,-27.416341,30.2,92,90,13.87
port hardy,48.532821,-132.464080,39.2,80,90,8.05
imbituba,-30.252231,-42.914247,73.4,88,20,3.36
kharp,68.506953,66.081761,-9.14,51,0,3.85
hermanus,-76.737186,0.538288,60.97,98,68,5.08
narragansett,40.783172,-71.196842,33.8,92,1,7.76
bluff,-81.679485,153.238077,84.01,49,88,16.93
san fernando,24.488225,-97.041423,57.2,82,8,1.12
cape town,-43.872138,11.013165,64.4,82,0,11.41
labuhan,-11.039924,101.510560,84.64,78,20,3.06
oranjemund,-31.499813,10.399851,62.05,100,92,12.46
ponta do sol,19.446206,-38.502098,65.65,94,68,2.84
serebryanyy bor,56.872710,124.705896,6.52,44,64,12.46
port alfred,-44.704426,30.759588,70.42,94,80,13.47
flin flon,58.218713,-102.127684,4.27,69,32,2.84
gualaca,8.675125,-82.085040,80.6,57,20,5.82
tiksi,82.153333,123.836809,13.09,89,24,5.97
bethel,49.685828,-161.879408,33.8,69,1,17.22
pisco,-23.825026,-89.121355,69.8,73,0,14.99
hermanus,-83.765769,-1.197778,60.97,98,68,5.08
pilig,17.377202,121.822619,74.56,93,88,3.18
fairbanks,75.451812,-145.036696,28.4,16,1,10.29
rikitea,-62.866400,-131.628640,78.97,100,0,4.74
rikitea,-67.932829,-120.057302,78.97,100,0,4.74
busselton,-38.013712,107.435512,75.1,82,0,11.79
sao filipe,6.825715,-24.725971,68.53,100,24,14.36
hualmay,-17.558980,-90.400675,66.01,86,44,4.41
kapaa,39.591161,-163.064588,77,73,90,11.41
punta arenas,-67.208658,-106.440854,41,80,0,10.29
kapaa,19.234292,-172.976940,77,73,90,11.41
qaanaaq,74.627704,-86.253406,-5.36,82,0,8.66
yellowknife,80.484216,-109.549385,-2.21,58,20,8.05
saint-joseph,-35.359513,56.746101,55.4,62,92,5.82
saldanha,-34.967440,14.108798,47.83,95,92,14.36
na wa,17.792840,104.407005,87.8,43,40,5.82
busselton,-87.759559,80.853312,75.1,82,0,11.79
talnakh,81.140589,92.425717,-13.82,63,12,3.4
saskylakh,79.605861,117.645892,-3.38,76,0,8.1
bluff,-61.845704,159.316898,84.01,49,88,16.93
busselton,-36.754386,84.665822,75.1,82,0,11.79
thompson,58.816430,-91.564427,-9.41,52,5,4.7
hermanus,-84.018270,8.755327,60.97,98,68,5.08
thompson,62.343243,-95.116141,-9.41,52,5,4.7
victoria,-4.488765,52.126025,84.2,79,75,5.82
ler,8.776826,30.035735,28.4,92,20,6.93
east london,-49.510796,38.656758,68,88,0,12.75
severo-kurilsk,34.159139,164.104599,31.54,97,92,17.49
arraial do cabo,-47.874173,-19.745189,76.36,92,24,2.51
kokorevka,52.631932,34.073467,33.8,86,90,8.95
mataura,-39.533565,-143.448478,61.15,62,12,25.55
izhma,66.631800,54.787247,26.68,76,80,11.23
mar del plata,-61.881230,-36.020157,67.63,53,92,21.74
punta arenas,-73.804329,-88.295941,41,80,0,10.29
ribeira grande,33.193883,-31.750571,60.43,100,48,27.34
waitati,-47.228972,173.131327,65.38,42,0,14.14
kayerkan,71.454175,87.731372,-11.84,76,32,3.18
vila franca do campo,39.934836,-19.968139,59,62,75,21.92
sao jose da coroa grande,-10.987733,-28.718702,76.45,99,92,0.94
qaanaaq,72.321503,-86.410940,-5.36,82,0,8.66
bambous virieux,-32.715922,77.540941,77,100,75,1.12
avarua,-24.825444,-158.527818,80.6,83,75,6.93
hilo,10.506968,-154.944150,77,73,90,5.82
vila do maio,11.917428,-20.818663,68,68,20,16.11
barrow,88.944983,-169.487454,55.93,85,0,8.77
ust-ilimsk,58.876950,102.922131,25.6,71,80,6.42
barrow,76.271746,-155.106794,55.93,85,0,8.77
lasa,32.068257,87.201979,55.4,81,0,6.93
atuona,-1.943684,-131.576042,81.85,100,0,15.7
lebu,-32.185146,-83.767910,46.12,87,8,3.18
sola,-11.729090,173.631670,28.4,92,90,8.05
rikitea,-67.832396,-126.837561,78.97,100,0,4.74
ushuaia,-72.012580,-67.758657,41,80,75,10.29
avarua,-31.199890,-159.107558,80.6,83,75,6.93
redding,40.550484,-122.493005,66.2,49,1,3.06
havelock,30.718357,-74.183489,55.4,87,90,10.29
punta arenas,-78.742002,-100.980423,41,80,0,10.29
aklavik,76.199339,-142.486792,3.2,71,90,4.7
puerto ayora,-2.452054,-101.252233,76.36,100,44,5.97
bilma,19.369670,10.940403,60.34,33,24,2.84
kodiak,54.965325,-151.945141,33.8,100,90,4.7
komsomolskiy,71.401232,173.285791,-12.74,40,0,3.06
busselton,-39.251283,113.959836,75.1,82,0,11.79
bacolod,8.916136,126.712544,80.23,96,36,5.75
atuona,-4.984544,-120.243760,81.85,100,0,15.7
samana,21.529422,-67.740980,70.96,97,20,1.72
tezu,30.308166,98.616640,72.94,37,0,0.72
cortez,37.713951,-108.384241,62.6,13,40,13.87
hobart,-64.217760,152.794500,73.4,35,20,13.87
sabha,25.736683,16.612566,61.51,33,8,10.11
pevek,77.367545,166.568424,34.33,79,0,11.45
dikson,78.319168,71.343361,0.94,83,36,17.83
mareeba,-16.477099,141.671245,87.8,58,75,8.05
puerto ayora,-19.438974,-99.734125,76.36,100,44,5.97
bredasdorp,-83.550155,13.035167,55.4,93,68,1.12
chokurdakh,77.439183,152.689898,23.53,92,8,13.47
hilo,4.770321,-155.509766,77,73,90,5.82
albany,-82.301982,105.990403,35.6,64,75,4.7
pand,47.368049,19.592644,44.6,81,0,9.17
qaanaaq,89.885960,-94.978119,-5.36,82,0,8.66
nikolskoye,34.812391,178.897762,32,99,90,8.95
mar del plata,-45.856907,-46.935020,67.63,53,92,21.74
cape town,-38.026971,15.065530,64.4,82,0,11.41
saint george,31.190604,-60.929129,42.8,87,20,5.82
san andres,13.295411,-78.279743,79.96,100,44,4.74
lebu,-38.278146,-86.793604,46.12,87,8,3.18
deputatskiy,70.394275,141.872711,16.33,83,92,3.96
dikson,85.742119,91.152104,0.94,83,36,17.83
guarapari,-23.178081,-37.063587,78.8,88,0,8.05
severo-kurilsk,37.886616,161.245866,31.54,97,92,17.49
cidreira,-38.480353,-39.175454,68.62,97,88,7.54
agua verde,22.680339,-106.250796,72.13,100,0,5.3
